file,subsystem,LOC,score_0_30,grade,main_issues
backend/src/admin/routes/llmCost.routes.ts,backend.other,194,20,B,runtime_side_effects
backend/src/analytics/rollups/dailyRollup.job.ts,backend.other,393,17,C,weak_contract_enforcement|runtime_side_effects
backend/src/analytics/rollups/hourlyRollup.job.ts,backend.other,367,17,C,weak_contract_enforcement|runtime_side_effects
backend/src/app.ts,backend.other,275,15,D,weak_contract_enforcement|runtime_side_effects|non_specific_error_handling
backend/src/bootstrap/container.ts,backend.other,254,18,C,runtime_side_effects
backend/src/controllers/adminTelemetry.controller.ts,backend.controllers,595,17,C,weak_contract_enforcement|runtime_side_effects
backend/src/controllers/chat.controller.ts,backend.controllers,325,16,C,weak_contract_enforcement|weak_observability
backend/src/controllers/editing.controller.ts,backend.controllers,581,16,C,weak_observability
backend/src/controllers/rag.controller.ts,backend.controllers,229,16,C,weak_contract_enforcement|weak_observability
backend/src/data_banks/__bank_generation_report.any.json,databanks,44,14,D,non_specific_error_handling|weak_observability
backend/src/data_banks/ambiguity/ambiguity_negatives.any.json,databanks,249,14,D,weak_contract_enforcement|non_specific_error_handling|weak_observability
backend/src/data_banks/ambiguity/ambiguity_overlays.any.json,databanks,441,16,C,non_specific_error_handling|weak_observability
backend/src/data_banks/ambiguity/ambiguity_rank_features.any.json,databanks,293,15,D,weak_contract_enforcement|non_specific_error_handling|weak_observability
backend/src/data_banks/ambiguity/ambiguity_tests.any.json,databanks,297,13,D,weak_contract_enforcement|non_specific_error_handling|weak_observability
backend/src/data_banks/ambiguity/clarification_phrases.any.json,databanks,199,14,D,weak_contract_enforcement|non_specific_error_handling|weak_observability
backend/src/data_banks/ambiguity/confidence_calibration.any.json,databanks,229,15,D,weak_contract_enforcement|non_specific_error_handling|weak_observability
backend/src/data_banks/ambiguity/disambiguation_policies.any.json,databanks,276,14,D,weak_contract_enforcement|non_specific_error_handling|weak_observability
backend/src/data_banks/ambiguity/disambiguation_render_policy.any.json,databanks,255,14,D,weak_contract_enforcement|non_specific_error_handling|weak_observability
backend/src/data_banks/ambiguity/option_labeling_rules.any.json,databanks,242,15,D,weak_contract_enforcement|non_specific_error_handling|weak_observability
backend/src/data_banks/build_pattern_bank.ts,databanks,203,18,C,runtime_side_effects
backend/src/data_banks/dataBankRegistry.ts,databanks,1234,14,D,weak_contract_enforcement|runtime_side_effects
backend/src/data_banks/dictionaries/allybi_font_aliases.any.json,databanks,71,13,D,weak_contract_enforcement|non_specific_error_handling|weak_observability
backend/src/data_banks/dictionaries/connectors_synonyms.en.json,databanks,49,13,D,weak_contract_enforcement|non_specific_error_handling|weak_observability
backend/src/data_banks/dictionaries/connectors_synonyms.pt.json,databanks,49,13,D,weak_contract_enforcement|non_specific_error_handling|weak_observability
backend/src/data_banks/dictionaries/editing_synonyms.en.json,databanks,63,12,D,weak_contract_enforcement|non_specific_error_handling|weak_observability
backend/src/data_banks/dictionaries/editing_synonyms.pt.json,databanks,61,13,D,weak_contract_enforcement|non_specific_error_handling|weak_observability
backend/src/data_banks/dictionaries/file_actions_synonyms.en.json,databanks,44,13,D,weak_contract_enforcement|non_specific_error_handling|weak_observability
backend/src/data_banks/dictionaries/file_actions_synonyms.pt.json,databanks,45,13,D,weak_contract_enforcement|non_specific_error_handling|weak_observability
backend/src/data_banks/fallbacks/fallback_extraction_recovery.any.json,databanks,122,13,D,weak_contract_enforcement|non_specific_error_handling|weak_observability
backend/src/data_banks/fallbacks/fallback_not_found_scope.any.json,databanks,106,13,D,weak_contract_enforcement|non_specific_error_handling|weak_observability
backend/src/data_banks/fallbacks/fallback_processing.any.json,databanks,139,13,D,weak_contract_enforcement|non_specific_error_handling|weak_observability
backend/src/data_banks/fallbacks/fallback_router.any.json,databanks,347,16,C,weak_contract_enforcement
backend/src/data_banks/fallbacks/fallback_scope_empty.any.json,databanks,107,13,D,weak_contract_enforcement|non_specific_error_handling|weak_observability
backend/src/data_banks/formatting/answer_closers.any.json,databanks,151,12,D,weak_contract_enforcement|non_specific_error_handling|weak_observability
backend/src/data_banks/formatting/answer_openers.any.json,databanks,132,14,D,weak_contract_enforcement|non_specific_error_handling|weak_observability
backend/src/data_banks/formatting/answer_style_policy.any.json,databanks,479,12,D,weak_contract_enforcement|non_specific_error_handling|weak_observability
backend/src/data_banks/formatting/banned_phrases.any.json,databanks,257,12,D,weak_contract_enforcement|non_specific_error_handling|weak_observability
backend/src/data_banks/formatting/boilerplate_phrases.any.json,databanks,120,12,D,weak_contract_enforcement|non_specific_error_handling|weak_observability
backend/src/data_banks/formatting/bolding_rules.any.json,databanks,199,13,D,weak_contract_enforcement|non_specific_error_handling|weak_observability
backend/src/data_banks/formatting/bullet_rules.any.json,databanks,145,14,D,weak_contract_enforcement|non_specific_error_handling|weak_observability
backend/src/data_banks/formatting/citation_styles.any.json,databanks,181,12,D,weak_contract_enforcement|non_specific_error_handling|weak_observability
backend/src/data_banks/formatting/followup_templates.any.json,databanks,200,12,D,weak_contract_enforcement|non_specific_error_handling|weak_observability
backend/src/data_banks/formatting/list_styles.any.json,databanks,90,12,D,weak_contract_enforcement|non_specific_error_handling|weak_observability
backend/src/data_banks/formatting/paragraph_rules.any.json,databanks,153,14,D,weak_contract_enforcement|non_specific_error_handling|weak_observability
backend/src/data_banks/formatting/quote_styles.any.json,databanks,139,14,D,weak_contract_enforcement|non_specific_error_handling|weak_observability
backend/src/data_banks/formatting/render_policy.any.json,databanks,267,12,D,weak_contract_enforcement|non_specific_error_handling|weak_observability
backend/src/data_banks/formatting/table_rules.any.json,databanks,127,13,D,weak_contract_enforcement|non_specific_error_handling|weak_observability
backend/src/data_banks/formatting/table_styles.any.json,databanks,145,14,D,weak_contract_enforcement|non_specific_error_handling|weak_observability
backend/src/data_banks/formatting/truncation_and_limits.any.json,databanks,246,13,D,weak_contract_enforcement|non_specific_error_handling|weak_observability
backend/src/data_banks/generators/generateAllBanks.ts,databanks,1253,12,D,weak_contract_enforcement|runtime_side_effects|non_specific_error_handling
backend/src/data_banks/generators/generateCapabilitiesCatalog.ts,databanks,200,13,D,weak_contract_enforcement|runtime_side_effects|non_specific_error_handling
backend/src/data_banks/generators/parallel_bank_generator.ts,databanks,608,18,C,runtime_side_effects
backend/src/data_banks/intent_patterns/docx.en.any.json,databanks,2678,9,D,god_file_size|weak_contract_enforcement|non_specific_error_handling|weak_observability
backend/src/data_banks/intent_patterns/docx.pt.any.json,databanks,2645,9,D,god_file_size|weak_contract_enforcement|non_specific_error_handling|weak_observability
backend/src/data_banks/intent_patterns/excel.en.any.json,databanks,2676,13,D,god_file_size|non_specific_error_handling|weak_observability
backend/src/data_banks/intent_patterns/excel.pt.any.json,databanks,2681,10,D,god_file_size|weak_contract_enforcement|non_specific_error_handling|weak_observability
backend/src/data_banks/lexicons/common.en.any.json,databanks,114,13,D,weak_contract_enforcement|non_specific_error_handling|weak_observability
backend/src/data_banks/lexicons/common.pt.any.json,databanks,121,13,D,weak_contract_enforcement|non_specific_error_handling|weak_observability
backend/src/data_banks/lexicons/docx.en.any.json,databanks,97,13,D,weak_contract_enforcement|non_specific_error_handling|weak_observability
backend/src/data_banks/lexicons/docx.pt.any.json,databanks,95,13,D,weak_contract_enforcement|non_specific_error_handling|weak_observability
backend/src/data_banks/lexicons/excel.en.any.json,databanks,105,14,D,weak_contract_enforcement|non_specific_error_handling|weak_observability
backend/src/data_banks/lexicons/excel.pt.any.json,databanks,103,14,D,weak_contract_enforcement|non_specific_error_handling|weak_observability
backend/src/data_banks/manifest/bank_aliases.any.json,databanks,171,13,D,weak_contract_enforcement|non_specific_error_handling|weak_observability
backend/src/data_banks/manifest/bank_checksums.any.json,databanks,227,14,D,non_specific_error_handling|weak_observability
backend/src/data_banks/manifest/bank_dependencies.any.json,databanks,250,14,D,non_specific_error_handling|weak_observability
backend/src/data_banks/manifest/bank_manifest.any.json,databanks,290,14,D,non_specific_error_handling|weak_observability
backend/src/data_banks/manifest/bank_registry.any.json,databanks,4918,10,D,god_file_size|non_specific_error_handling|weak_observability
backend/src/data_banks/manifest/environments.any.json,databanks,178,15,D,non_specific_error_handling|weak_observability
backend/src/data_banks/manifest/feature_flags.any.json,databanks,160,16,C,weak_contract_enforcement|non_specific_error_handling
backend/src/data_banks/manifest/languages.any.json,databanks,163,14,D,non_specific_error_handling|weak_observability
backend/src/data_banks/manifest/versioning.any.json,databanks,247,14,D,non_specific_error_handling|weak_observability
backend/src/data_banks/microcopy/allybi_response_style.any.json,databanks,47,16,C,weak_contract_enforcement|non_specific_error_handling
backend/src/data_banks/microcopy/clarification_phrases.any.json,databanks,16,12,D,weak_contract_enforcement|non_specific_error_handling|weak_observability
backend/src/data_banks/microcopy/connectors_microcopy.any.json,databanks,126,12,D,weak_contract_enforcement|non_specific_error_handling|weak_observability
backend/src/data_banks/microcopy/conversation_messages.any.json,databanks,437,12,D,weak_contract_enforcement|non_specific_error_handling|weak_observability
backend/src/data_banks/microcopy/creative_microcopy.any.json,databanks,150,12,D,weak_contract_enforcement|non_specific_error_handling|weak_observability
backend/src/data_banks/microcopy/disambiguation_microcopy.any.json,databanks,125,13,D,weak_contract_enforcement|non_specific_error_handling|weak_observability
backend/src/data_banks/microcopy/edit_error_catalog.any.json,databanks,128,12,D,weak_contract_enforcement|non_specific_error_handling|weak_observability
backend/src/data_banks/microcopy/editing_microcopy.any.json,databanks,328,13,D,weak_contract_enforcement|non_specific_error_handling|weak_observability
backend/src/data_banks/microcopy/editing_ux.any.json,databanks,144,14,D,non_specific_error_handling|weak_observability
backend/src/data_banks/microcopy/extraction_recovery_messages.any.json,databanks,108,13,D,weak_contract_enforcement|non_specific_error_handling|weak_observability
backend/src/data_banks/microcopy/fallback_extraction_recovery.any.json,databanks,16,12,D,weak_contract_enforcement|non_specific_error_handling|weak_observability
backend/src/data_banks/microcopy/fallback_not_found_scope.any.json,databanks,16,12,D,weak_contract_enforcement|non_specific_error_handling|weak_observability
backend/src/data_banks/microcopy/fallback_processing.any.json,databanks,16,12,D,weak_contract_enforcement|non_specific_error_handling|weak_observability
backend/src/data_banks/microcopy/fallback_scope_empty.any.json,databanks,16,12,D,weak_contract_enforcement|non_specific_error_handling|weak_observability
backend/src/data_banks/microcopy/file_actions_microcopy.any.json,databanks,131,13,D,weak_contract_enforcement|non_specific_error_handling|weak_observability
backend/src/data_banks/microcopy/followup_suggestions.any.json,databanks,120,13,D,weak_contract_enforcement|non_specific_error_handling|weak_observability
backend/src/data_banks/microcopy/nav_microcopy.any.json,databanks,256,12,D,weak_contract_enforcement|non_specific_error_handling|weak_observability
backend/src/data_banks/microcopy/no_docs_messages.any.json,databanks,319,12,D,weak_contract_enforcement|non_specific_error_handling|weak_observability
backend/src/data_banks/microcopy/not_found_scope_messages.any.json,databanks,108,12,D,weak_contract_enforcement|non_specific_error_handling|weak_observability
backend/src/data_banks/microcopy/processing_messages.any.json,databanks,108,14,D,weak_contract_enforcement|non_specific_error_handling|weak_observability
backend/src/data_banks/microcopy/refusal_phrases.any.json,databanks,115,12,D,weak_contract_enforcement|non_specific_error_handling|weak_observability
backend/src/data_banks/microcopy/scope_empty_messages.any.json,databanks,108,12,D,weak_contract_enforcement|non_specific_error_handling|weak_observability
backend/src/data_banks/microcopy/scoped_not_found_messages.any.json,databanks,173,12,D,weak_contract_enforcement|non_specific_error_handling|weak_observability
backend/src/data_banks/microcopy/ui_intro_neutral.any.json,databanks,126,12,D,weak_contract_enforcement|non_specific_error_handling|weak_observability
backend/src/data_banks/microcopy/ui_next_step_suggestion.any.json,databanks,229,13,D,weak_contract_enforcement|non_specific_error_handling|weak_observability
backend/src/data_banks/microcopy/ui_soft_close.any.json,databanks,181,13,D,weak_contract_enforcement|non_specific_error_handling|weak_observability
backend/src/data_banks/negatives/denylist_terms.any.json,databanks,214,12,D,weak_contract_enforcement|non_specific_error_handling|weak_observability
backend/src/data_banks/negatives/disambiguation_negatives.any.json,databanks,154,13,D,weak_contract_enforcement|non_specific_error_handling|weak_observability
backend/src/data_banks/negatives/negation_and_exclusions.any.json,databanks,265,13,D,weak_contract_enforcement|non_specific_error_handling|weak_observability
backend/src/data_banks/negatives/scope_negatives.any.json,databanks,167,13,D,weak_contract_enforcement|non_specific_error_handling|weak_observability
backend/src/data_banks/negatives/test/hallucination_redflags.any.json,databanks,189,13,D,weak_contract_enforcement|non_specific_error_handling|weak_observability
backend/src/data_banks/negatives/test/privacy_redflags.any.json,databanks,137,13,D,weak_contract_enforcement|non_specific_error_handling|weak_observability
backend/src/data_banks/negatives/unsafe_patterns.any.json,databanks,138,14,D,weak_contract_enforcement|non_specific_error_handling|weak_observability
backend/src/data_banks/negatives/weak_terms.any.json,databanks,200,12,D,weak_contract_enforcement|non_specific_error_handling|weak_observability
backend/src/data_banks/normalizers/abbreviations.any.json,databanks,541,13,D,weak_contract_enforcement|non_specific_error_handling|weak_observability
backend/src/data_banks/normalizers/casing_rules.any.json,databanks,161,14,D,weak_contract_enforcement|non_specific_error_handling|weak_observability
backend/src/data_banks/normalizers/currency_formats.any.json,databanks,129,13,D,weak_contract_enforcement|non_specific_error_handling|weak_observability
backend/src/data_banks/normalizers/doc_aliases.any.json,databanks,167,14,D,weak_contract_enforcement|non_specific_error_handling|weak_observability
backend/src/data_banks/normalizers/entity_aliases.any.json,databanks,128,13,D,weak_contract_enforcement|non_specific_error_handling|weak_observability
backend/src/data_banks/normalizers/filename_normalization.any.json,databanks,210,14,D,weak_contract_enforcement|non_specific_error_handling|weak_observability
backend/src/data_banks/normalizers/language_indicators.any.json,databanks,301,13,D,weak_contract_enforcement|non_specific_error_handling|weak_observability
backend/src/data_banks/normalizers/locale_formats.any.json,databanks,133,13,D,weak_contract_enforcement|non_specific_error_handling|weak_observability
backend/src/data_banks/normalizers/month_normalization.any.json,databanks,259,13,D,weak_contract_enforcement|non_specific_error_handling|weak_observability
backend/src/data_banks/normalizers/number_normalization.any.json,databanks,139,13,D,weak_contract_enforcement|non_specific_error_handling|weak_observability
backend/src/data_banks/normalizers/punctuation_rules.any.json,databanks,138,13,D,weak_contract_enforcement|non_specific_error_handling|weak_observability
backend/src/data_banks/normalizers/query_normalization.any.json,databanks,351,13,D,weak_contract_enforcement|non_specific_error_handling|weak_observability
backend/src/data_banks/normalizers/stopwords_query.any.json,databanks,226,13,D,weak_contract_enforcement|non_specific_error_handling|weak_observability
backend/src/data_banks/normalizers/synonym_expansion.any.json,databanks,371,13,D,weak_contract_enforcement|non_specific_error_handling|weak_observability
backend/src/data_banks/normalizers/tokenization_rules.any.json,databanks,277,13,D,weak_contract_enforcement|non_specific_error_handling|weak_observability
backend/src/data_banks/normalizers/units_normalization.any.json,databanks,127,13,D,weak_contract_enforcement|non_specific_error_handling|weak_observability
backend/src/data_banks/normalizers/whitespace_rules.any.json,databanks,162,14,D,weak_contract_enforcement|non_specific_error_handling|weak_observability
backend/src/data_banks/operators/allybi_docx_operators.any.json,databanks,244,15,D,non_specific_error_handling|weak_observability
backend/src/data_banks/operators/allybi_xlsx_operators.any.json,databanks,1014,18,C,non_specific_error_handling|weak_observability
backend/src/data_banks/operators/connector_operators.any.json,databanks,1251,13,D,weak_contract_enforcement|non_specific_error_handling|weak_observability
backend/src/data_banks/operators/creative_operators.any.json,databanks,363,16,C,weak_contract_enforcement|non_specific_error_handling|weak_observability
backend/src/data_banks/operators/delivery_operators.any.json,databanks,224,12,D,weak_contract_enforcement|non_specific_error_handling|weak_observability
backend/src/data_banks/operators/editing_operators.any.json,databanks,14543,10,D,god_file_size|weak_contract_enforcement|non_specific_error_handling|weak_observability
backend/src/data_banks/operators/email_action_operators.any.json,databanks,119,12,D,weak_contract_enforcement|non_specific_error_handling|weak_observability
backend/src/data_banks/operators/file_action_operators.any.json,databanks,668,13,D,weak_contract_enforcement|non_specific_error_handling|weak_observability
backend/src/data_banks/operators/list_first_operators.any.json,databanks,16,12,D,weak_contract_enforcement|non_specific_error_handling|weak_observability
backend/src/data_banks/operators/operator_collision_matrix.any.json,databanks,217,15,D,non_specific_error_handling|weak_observability
backend/src/data_banks/operators/operator_contracts.any.json,databanks,1509,15,D,weak_contract_enforcement|non_specific_error_handling|weak_observability
backend/src/data_banks/operators/operator_examples.any.json,databanks,139,12,D,weak_contract_enforcement|non_specific_error_handling|weak_observability
backend/src/data_banks/operators/operator_negatives.any.json,databanks,151,13,D,weak_contract_enforcement|non_specific_error_handling|weak_observability
backend/src/data_banks/operators/operator_output_shapes.any.json,databanks,500,16,C,weak_contract_enforcement|non_specific_error_handling|weak_observability
backend/src/data_banks/overlays/allybi_render_cards.any.json,databanks,27,12,D,weak_contract_enforcement|non_specific_error_handling|weak_observability
backend/src/data_banks/overlays/discourse_markers.any.json,databanks,296,14,D,weak_contract_enforcement|non_specific_error_handling|weak_observability
backend/src/data_banks/overlays/excel_shortcuts.any.json,databanks,36,12,D,weak_contract_enforcement|non_specific_error_handling|weak_observability
backend/src/data_banks/overlays/followup_indicators.any.json,databanks,248,14,D,weak_contract_enforcement|non_specific_error_handling|weak_observability
backend/src/data_banks/overlays/format_triggers.any.json,databanks,17,12,D,weak_contract_enforcement|non_specific_error_handling|weak_observability
backend/src/data_banks/overlays/formatting_overlays.any.json,databanks,230,14,D,weak_contract_enforcement|non_specific_error_handling|weak_observability
backend/src/data_banks/overlays/nav_triggers.any.json,databanks,17,12,D,weak_contract_enforcement|non_specific_error_handling|weak_observability
backend/src/data_banks/overlays/retrieval_overlays.any.json,databanks,284,14,D,weak_contract_enforcement|non_specific_error_handling|weak_observability
backend/src/data_banks/overlays/routing_overlays.any.json,databanks,233,14,D,weak_contract_enforcement|non_specific_error_handling|weak_observability
backend/src/data_banks/overlays/scope_hints.any.json,databanks,325,15,D,weak_contract_enforcement|non_specific_error_handling|weak_observability
backend/src/data_banks/overlays/ui_contracts.any.json,databanks,185,14,D,weak_contract_enforcement|non_specific_error_handling|weak_observability
backend/src/data_banks/parsers/colors.en.any.json,databanks,72,13,D,weak_contract_enforcement|non_specific_error_handling|weak_observability
backend/src/data_banks/parsers/colors.pt.any.json,databanks,72,13,D,weak_contract_enforcement|non_specific_error_handling|weak_observability
backend/src/data_banks/parsers/docx_heading_levels.en.any.json,databanks,34,13,D,weak_contract_enforcement|non_specific_error_handling|weak_observability
backend/src/data_banks/parsers/docx_heading_levels.pt.any.json,databanks,34,13,D,weak_contract_enforcement|non_specific_error_handling|weak_observability
backend/src/data_banks/parsers/excel_chart_types.en.any.json,databanks,53,15,D,non_specific_error_handling|weak_observability
backend/src/data_banks/parsers/excel_chart_types.pt.any.json,databanks,50,15,D,non_specific_error_handling|weak_observability
backend/src/data_banks/parsers/excel_functions_pt_to_en.any.json,databanks,75,12,D,weak_contract_enforcement|non_specific_error_handling|weak_observability
backend/src/data_banks/parsers/excel_number_formats.any.json,databanks,41,12,D,weak_contract_enforcement|non_specific_error_handling|weak_observability
backend/src/data_banks/parsers/fonts.any.json,databanks,75,12,D,weak_contract_enforcement|non_specific_error_handling|weak_observability
backend/src/data_banks/parsers/operator_catalog.any.json,databanks,1235,10,D,weak_contract_enforcement|non_specific_error_handling|weak_observability
backend/src/data_banks/policies/admin_controls.policy.any.json,databanks,164,13,D,weak_contract_enforcement|non_specific_error_handling|weak_observability
backend/src/data_banks/policies/allybi_connector_permissions.any.json,databanks,21,12,D,weak_contract_enforcement|non_specific_error_handling|weak_observability
backend/src/data_banks/policies/autopick_policy.any.json,databanks,18,12,D,weak_contract_enforcement|non_specific_error_handling|weak_observability
backend/src/data_banks/policies/clarification_policy.any.json,databanks,255,14,D,weak_contract_enforcement|non_specific_error_handling|weak_observability
backend/src/data_banks/policies/compliance_policy.any.json,databanks,158,14,D,weak_contract_enforcement|non_specific_error_handling|weak_observability
backend/src/data_banks/policies/connectors.policy.any.json,databanks,286,13,D,weak_contract_enforcement|non_specific_error_handling|weak_observability
backend/src/data_banks/policies/copyright_policy.any.json,databanks,165,12,D,weak_contract_enforcement|non_specific_error_handling|weak_observability
backend/src/data_banks/policies/creative.policy.any.json,databanks,201,13,D,weak_contract_enforcement|non_specific_error_handling|weak_observability
backend/src/data_banks/policies/debug_policy.any.json,databanks,203,15,D,non_specific_error_handling|weak_observability
backend/src/data_banks/policies/doc_access_policy.any.json,databanks,298,14,D,weak_contract_enforcement|non_specific_error_handling|weak_observability
backend/src/data_banks/policies/domain_policy.any.json,databanks,264,12,D,weak_contract_enforcement|non_specific_error_handling|weak_observability
backend/src/data_banks/policies/editing.policy.any.json,databanks,244,13,D,weak_contract_enforcement|non_specific_error_handling|weak_observability
backend/src/data_banks/policies/fallback_policy.any.json,databanks,174,14,D,non_specific_error_handling|weak_observability
backend/src/data_banks/policies/formatting_policy.any.json,databanks,279,12,D,weak_contract_enforcement|non_specific_error_handling|weak_observability
backend/src/data_banks/policies/global_system_policies.any.json,databanks,413,13,D,weak_contract_enforcement|non_specific_error_handling|weak_observability
backend/src/data_banks/policies/grounding_policy.any.json,databanks,243,14,D,weak_contract_enforcement|non_specific_error_handling|weak_observability
backend/src/data_banks/policies/hallucination_policy.any.json,databanks,243,14,D,weak_contract_enforcement|non_specific_error_handling|weak_observability
backend/src/data_banks/policies/logging_policy.any.json,databanks,295,16,C,non_specific_error_handling|weak_observability
backend/src/data_banks/policies/memory_policy.any.json,databanks,174,14,D,non_specific_error_handling|weak_observability
backend/src/data_banks/policies/nav_pills_policy.any.json,databanks,168,12,D,weak_contract_enforcement|non_specific_error_handling|weak_observability
backend/src/data_banks/policies/numeric_policy.any.json,databanks,265,15,D,non_specific_error_handling|weak_observability
backend/src/data_banks/policies/pii_policy.any.json,databanks,324,13,D,weak_contract_enforcement|non_specific_error_handling|weak_observability
backend/src/data_banks/policies/policy_manifest.any.json,databanks,172,14,D,non_specific_error_handling|weak_observability
backend/src/data_banks/policies/privacy_policy.any.json,databanks,281,14,D,weak_contract_enforcement|non_specific_error_handling|weak_observability
backend/src/data_banks/policies/privacy_redaction.policy.any.json,databanks,185,15,D,weak_contract_enforcement|non_specific_error_handling
backend/src/data_banks/policies/quote_policy.any.json,databanks,291,15,D,non_specific_error_handling|weak_observability
backend/src/data_banks/policies/rate_limit_policy.any.json,databanks,183,12,D,weak_contract_enforcement|non_specific_error_handling|weak_observability
backend/src/data_banks/policies/refusal_policy.any.json,databanks,244,12,D,weak_contract_enforcement|non_specific_error_handling|weak_observability
backend/src/data_banks/policies/safety_policy.any.json,databanks,225,14,D,weak_contract_enforcement|non_specific_error_handling|weak_observability
backend/src/data_banks/policies/scope_policy.any.json,databanks,18,12,D,weak_contract_enforcement|non_specific_error_handling|weak_observability
backend/src/data_banks/policies/source_policy.any.json,databanks,217,12,D,weak_contract_enforcement|non_specific_error_handling|weak_observability
backend/src/data_banks/policies/terminology_policy.any.json,databanks,177,14,D,non_specific_error_handling|weak_observability
backend/src/data_banks/policies/tests/domain_policy_tests.any.json,databanks,174,12,D,weak_contract_enforcement|non_specific_error_handling|weak_observability
backend/src/data_banks/policies/tests/fallback_policy_tests.any.json,databanks,173,14,D,weak_contract_enforcement|non_specific_error_handling|weak_observability
backend/src/data_banks/policies/tests/formatting_policy_tests.any.json,databanks,211,12,D,weak_contract_enforcement|non_specific_error_handling|weak_observability
backend/src/data_banks/policies/tests/policy_regression.any.json,databanks,195,13,D,weak_contract_enforcement|non_specific_error_handling|weak_observability
backend/src/data_banks/policies/tests/safety_privacy_tests.any.json,databanks,132,15,D,non_specific_error_handling|weak_observability
backend/src/data_banks/probes/excel_edit_regression.any.json,databanks,60,13,D,weak_contract_enforcement|non_specific_error_handling|weak_observability
backend/src/data_banks/probes/failure_mode_tests.any.json,databanks,177,15,D,non_specific_error_handling|weak_observability
backend/src/data_banks/probes/fallback_probes.any.json,databanks,201,15,D,non_specific_error_handling|weak_observability
backend/src/data_banks/probes/formatting_probes.any.json,databanks,163,15,D,non_specific_error_handling|weak_observability
backend/src/data_banks/probes/hallucination_probes.any.json,databanks,278,15,D,non_specific_error_handling|weak_observability
backend/src/data_banks/probes/load_tests.any.json,databanks,151,14,D,non_specific_error_handling|weak_observability
backend/src/data_banks/probes/multilingual_probes.any.json,databanks,173,15,D,non_specific_error_handling|weak_observability
backend/src/data_banks/probes/numeric_probes.any.json,databanks,217,15,D,non_specific_error_handling|weak_observability
backend/src/data_banks/probes/parity_queries.any.json,databanks,267,15,D,non_specific_error_handling|weak_observability
backend/src/data_banks/probes/probes_manifest.any.json,databanks,105,13,D,weak_contract_enforcement|non_specific_error_handling|weak_observability
backend/src/data_banks/probes/regression_queries.any.json,databanks,28,14,D,non_specific_error_handling|weak_observability
backend/src/data_banks/probes/routing_probes.any.json,databanks,166,15,D,non_specific_error_handling|weak_observability
backend/src/data_banks/probes/security_probes.any.json,databanks,142,14,D,non_specific_error_handling|weak_observability
backend/src/data_banks/probes/ui_probes.any.json,databanks,181,15,D,non_specific_error_handling|weak_observability
backend/src/data_banks/prompts/compose_answer_prompt.any.json,databanks,674,12,D,weak_contract_enforcement|non_specific_error_handling|weak_observability
backend/src/data_banks/prompts/disambiguation_prompt.any.json,databanks,206,12,D,weak_contract_enforcement|non_specific_error_handling|weak_observability
backend/src/data_banks/prompts/editing_task_prompts.any.json,databanks,191,12,D,weak_contract_enforcement|non_specific_error_handling|weak_observability
backend/src/data_banks/prompts/fallback_prompt.any.json,databanks,138,12,D,weak_contract_enforcement|non_specific_error_handling|weak_observability
backend/src/data_banks/prompts/mode_chat.any.json,databanks,21,12,D,weak_contract_enforcement|non_specific_error_handling|weak_observability
backend/src/data_banks/prompts/mode_editing.any.json,databanks,21,12,D,weak_contract_enforcement|non_specific_error_handling|weak_observability
backend/src/data_banks/prompts/policy_citations.any.json,databanks,21,12,D,weak_contract_enforcement|non_specific_error_handling|weak_observability
backend/src/data_banks/prompts/prompt_registry.any.json,databanks,183,15,D,non_specific_error_handling|weak_observability
backend/src/data_banks/prompts/rag_policy.any.json,databanks,21,12,D,weak_contract_enforcement|non_specific_error_handling|weak_observability
backend/src/data_banks/prompts/retrieval_prompt.any.json,databanks,195,14,D,weak_contract_enforcement|non_specific_error_handling|weak_observability
backend/src/data_banks/prompts/system_base.any.json,databanks,21,12,D,weak_contract_enforcement|non_specific_error_handling|weak_observability
backend/src/data_banks/prompts/system_prompt.any.json,databanks,356,12,D,weak_contract_enforcement|non_specific_error_handling|weak_observability
backend/src/data_banks/prompts/task_answer_with_sources.any.json,databanks,41,12,D,weak_contract_enforcement|non_specific_error_handling|weak_observability
backend/src/data_banks/prompts/task_plan_generation.any.json,databanks,38,14,D,non_specific_error_handling|weak_observability
backend/src/data_banks/prompts/tool_prompts.any.json,databanks,433,12,D,weak_contract_enforcement|non_specific_error_handling|weak_observability
backend/src/data_banks/quality/allybi_eval_fixtures.any.json,databanks,54,14,D,weak_contract_enforcement|non_specific_error_handling|weak_observability
backend/src/data_banks/quality/connectors_quality.any.json,databanks,234,15,D,non_specific_error_handling|weak_observability
backend/src/data_banks/quality/creative_quality.any.json,databanks,226,15,D,non_specific_error_handling|weak_observability
backend/src/data_banks/quality/dedupe_and_repetition.any.json,databanks,152,12,D,weak_contract_enforcement|non_specific_error_handling|weak_observability
backend/src/data_banks/quality/doc_grounding_checks.any.json,databanks,192,14,D,weak_contract_enforcement|non_specific_error_handling|weak_observability
backend/src/data_banks/quality/edit_quality.any.json,databanks,187,14,D,non_specific_error_handling|weak_observability
backend/src/data_banks/quality/hallucination_guards.any.json,databanks,216,13,D,weak_contract_enforcement|non_specific_error_handling|weak_observability
backend/src/data_banks/quality/numeric_integrity_rules.any.json,databanks,196,12,D,weak_contract_enforcement|non_specific_error_handling|weak_observability
backend/src/data_banks/quality/pii_field_labels.any.json,databanks,22,12,D,weak_contract_enforcement|non_specific_error_handling|weak_observability
backend/src/data_banks/quality/privacy_minimal_rules.any.json,databanks,164,13,D,weak_contract_enforcement|non_specific_error_handling|weak_observability
backend/src/data_banks/quality/quality_gates.any.json,databanks,436,14,D,weak_contract_enforcement|non_specific_error_handling|weak_observability
backend/src/data_banks/quality/refusal_phrases.any.json,databanks,26,12,D,weak_contract_enforcement|non_specific_error_handling|weak_observability
backend/src/data_banks/quality/response_contract.any.json,databanks,156,14,D,non_specific_error_handling|weak_observability
backend/src/data_banks/quality/training/intent_training.jsonl,databanks,652,12,D,weak_contract_enforcement|non_specific_error_handling|weak_observability
backend/src/data_banks/quality/training/multi_intent.jsonl,databanks,130,12,D,weak_contract_enforcement|non_specific_error_handling|weak_observability
backend/src/data_banks/reports/coverage.docx.md,databanks,117,12,D,weak_contract_enforcement|non_specific_error_handling|weak_observability
backend/src/data_banks/reports/coverage.excel.md,databanks,113,13,D,weak_contract_enforcement|non_specific_error_handling|weak_observability
backend/src/data_banks/retrieval/diversification_rules.any.json,databanks,230,14,D,weak_contract_enforcement|non_specific_error_handling|weak_observability
backend/src/data_banks/retrieval/doc_title_boost_rules.any.json,databanks,277,14,D,weak_contract_enforcement|non_specific_error_handling|weak_observability
backend/src/data_banks/retrieval/doc_type_boost_rules.any.json,databanks,193,15,D,weak_contract_enforcement|non_specific_error_handling|weak_observability
backend/src/data_banks/retrieval/evidence_packaging.any.json,databanks,291,16,C,non_specific_error_handling|weak_observability
backend/src/data_banks/retrieval/keyword_boost_rules.any.json,databanks,228,14,D,weak_contract_enforcement|non_specific_error_handling|weak_observability
backend/src/data_banks/retrieval/recency_boost_rules.any.json,databanks,217,14,D,weak_contract_enforcement|non_specific_error_handling|weak_observability
backend/src/data_banks/retrieval/retrieval_negatives.any.json,databanks,222,14,D,weak_contract_enforcement|non_specific_error_handling|weak_observability
backend/src/data_banks/retrieval/retrieval_ranker_config.any.json,databanks,233,14,D,weak_contract_enforcement|non_specific_error_handling|weak_observability
backend/src/data_banks/retrieval/semantic_search_config.any.json,databanks,317,14,D,weak_contract_enforcement|non_specific_error_handling|weak_observability
backend/src/data_banks/retrieval/source_engine.any.json,databanks,455,17,C,non_specific_error_handling
backend/src/data_banks/retrieval/table_extraction_rules.any.json,databanks,237,16,C,non_specific_error_handling|weak_observability
backend/src/data_banks/routing/allybi_intents.any.json,databanks,199,14,D,weak_contract_enforcement|non_specific_error_handling|weak_observability
backend/src/data_banks/routing/answer_mode_router.any.json,databanks,265,12,D,weak_contract_enforcement|non_specific_error_handling|weak_observability
backend/src/data_banks/routing/connectors_routing.any.json,databanks,370,18,C,non_specific_error_handling|weak_observability
backend/src/data_banks/routing/creative_routing.any.json,databanks,390,14,D,non_specific_error_handling|weak_observability
backend/src/data_banks/routing/docx_editing_routing_ext.any.json,databanks,904,11,D,weak_contract_enforcement|non_specific_error_handling|weak_observability
backend/src/data_banks/routing/editing_routing.any.json,databanks,803,19,C,non_specific_error_handling|weak_observability
backend/src/data_banks/routing/email_routing.any.json,databanks,287,18,C,non_specific_error_handling|weak_observability
backend/src/data_banks/routing/followup_detection.any.json,databanks,161,13,D,weak_contract_enforcement|non_specific_error_handling|weak_observability
backend/src/data_banks/routing/intent_config.any.json,databanks,269,18,C,non_specific_error_handling|weak_observability
backend/src/data_banks/routing/intent_patterns.any.json,databanks,587,12,D,weak_contract_enforcement|non_specific_error_handling|weak_observability
backend/src/data_banks/routing/intent_transition_rules.any.json,databanks,225,12,D,weak_contract_enforcement|non_specific_error_handling|weak_observability
backend/src/data_banks/routing/nav_pills_operators.any.json,databanks,60,12,D,weak_contract_enforcement|non_specific_error_handling|weak_observability
backend/src/data_banks/routing/operator_aliases.any.json,databanks,352,12,D,weak_contract_enforcement|non_specific_error_handling|weak_observability
backend/src/data_banks/routing/operator_constraints.any.json,databanks,337,12,D,weak_contract_enforcement|non_specific_error_handling|weak_observability
backend/src/data_banks/routing/operator_discovery_rules.any.json,databanks,104,12,D,weak_contract_enforcement|non_specific_error_handling|weak_observability
backend/src/data_banks/routing/operator_families.any.json,databanks,508,18,C,non_specific_error_handling|weak_observability
backend/src/data_banks/routing/operator_priority.any.json,databanks,38,12,D,weak_contract_enforcement|non_specific_error_handling|weak_observability
backend/src/data_banks/routing/operator_reason_code_map.any.json,databanks,217,15,D,weak_contract_enforcement|non_specific_error_handling
backend/src/data_banks/routing/operator_signals.any.json,databanks,168,13,D,weak_contract_enforcement|non_specific_error_handling|weak_observability
backend/src/data_banks/routing/query_rewrite.any.json,databanks,242,13,D,weak_contract_enforcement|non_specific_error_handling|weak_observability
backend/src/data_banks/routing/routing_operator_tiebreakers.any.json,databanks,47,13,D,weak_contract_enforcement|non_specific_error_handling|weak_observability
backend/src/data_banks/routing/routing_priority.any.json,databanks,196,13,D,weak_contract_enforcement|non_specific_error_handling|weak_observability
backend/src/data_banks/routing/sheets_editing_routing_ext.any.json,databanks,667,13,D,weak_contract_enforcement|non_specific_error_handling|weak_observability
backend/src/data_banks/routing/source_selection_routing.any.json,databanks,216,15,D,non_specific_error_handling|weak_observability
backend/src/data_banks/routing/tool_router.any.json,databanks,289,12,D,weak_contract_enforcement|non_specific_error_handling|weak_observability
backend/src/data_banks/schemas/attachment_schema.any.json,databanks,280,17,C,non_specific_error_handling|weak_observability
backend/src/data_banks/schemas/bank_schema.any.json,databanks,116,14,D,non_specific_error_handling|weak_observability
backend/src/data_banks/schemas/candidate_filters_schema.any.json,databanks,286,16,C,non_specific_error_handling|weak_observability
backend/src/data_banks/schemas/connectors.schema.json,databanks,577,14,D,non_specific_error_handling|weak_observability
backend/src/data_banks/schemas/creative.schema.json,databanks,297,14,D,non_specific_error_handling|weak_observability
backend/src/data_banks/schemas/editing.schema.json,databanks,763,13,D,non_specific_error_handling|weak_observability
backend/src/data_banks/schemas/evidence_schema.any.json,databanks,299,16,C,non_specific_error_handling|weak_observability
backend/src/data_banks/schemas/retrieval_output_schema.any.json,databanks,271,16,C,non_specific_error_handling|weak_observability
backend/src/data_banks/schemas/rich_message.schema.json,databanks,391,14,D,non_specific_error_handling|weak_observability
backend/src/data_banks/schemas/router_input_schema.any.json,databanks,331,14,D,non_specific_error_handling|weak_observability
backend/src/data_banks/schemas/scope_output_schema.any.json,databanks,280,16,C,non_specific_error_handling|weak_observability
backend/src/data_banks/scope/active_doc_rules.any.json,databanks,20,12,D,weak_contract_enforcement|non_specific_error_handling|weak_observability
backend/src/data_banks/scope/allybi_docx_resolvers.any.json,databanks,79,13,D,weak_contract_enforcement|non_specific_error_handling|weak_observability
backend/src/data_banks/scope/allybi_xlsx_resolvers.any.json,databanks,49,13,D,weak_contract_enforcement|non_specific_error_handling|weak_observability
backend/src/data_banks/scope/candidate_filters.any.json,databanks,21,12,D,weak_contract_enforcement|non_specific_error_handling|weak_observability
backend/src/data_banks/scope/scope_resolution.any.json,databanks,323,15,D,non_specific_error_handling|weak_observability
backend/src/data_banks/semantics/allybi_capabilities.any.json,databanks,116,13,D,weak_contract_enforcement|non_specific_error_handling|weak_observability
backend/src/data_banks/semantics/allybi_chart_spec_bank.any.json,databanks,61,14,D,weak_contract_enforcement|non_specific_error_handling|weak_observability
backend/src/data_banks/semantics/allybi_crossdoc_grounding.any.json,databanks,33,13,D,weak_contract_enforcement|non_specific_error_handling|weak_observability
backend/src/data_banks/semantics/allybi_formula_bank.any.json,databanks,54,14,D,non_specific_error_handling|weak_observability
backend/src/data_banks/semantics/capabilities_catalog.any.json,databanks,254,13,D,weak_contract_enforcement|non_specific_error_handling|weak_observability
backend/src/data_banks/semantics/chunking_rules.any.json,databanks,19,12,D,weak_contract_enforcement|non_specific_error_handling|weak_observability
backend/src/data_banks/semantics/domain_detection.any.json,databanks,1720,11,D,weak_contract_enforcement|non_specific_error_handling|weak_observability
backend/src/data_banks/semantics/domain_ontology.any.json,databanks,598,13,D,weak_contract_enforcement|non_specific_error_handling|weak_observability
backend/src/data_banks/semantics/entity_semantics.any.json,databanks,252,14,D,weak_contract_enforcement|non_specific_error_handling|weak_observability
backend/src/data_banks/semantics/excel_formula_catalog.any.json,databanks,64,12,D,weak_contract_enforcement|non_specific_error_handling|weak_observability
backend/src/data_banks/semantics/format_semantics.any.json,databanks,311,13,D,weak_contract_enforcement|non_specific_error_handling|weak_observability
backend/src/data_banks/semantics/intent_semantics.any.json,databanks,212,14,D,weak_contract_enforcement|non_specific_error_handling|weak_observability
backend/src/data_banks/semantics/layout_signals.any.json,databanks,167,13,D,weak_contract_enforcement|non_specific_error_handling|weak_observability
backend/src/data_banks/semantics/numeric_semantics.any.json,databanks,207,13,D,weak_contract_enforcement|non_specific_error_handling|weak_observability
backend/src/data_banks/semantics/pdf_semantics.any.json,databanks,205,15,D,weak_contract_enforcement|non_specific_error_handling|weak_observability
backend/src/data_banks/semantics/section_heading_patterns.any.json,databanks,225,13,D,weak_contract_enforcement|non_specific_error_handling|weak_observability
backend/src/data_banks/semantics/semantics_tests.any.json,databanks,105,16,C,non_specific_error_handling|weak_observability
backend/src/data_banks/semantics/spreadsheet_semantics.any.json,databanks,211,14,D,weak_contract_enforcement|non_specific_error_handling|weak_observability
backend/src/data_banks/semantics/stopwords_docnames.any.json,databanks,210,17,C,non_specific_error_handling|weak_observability
backend/src/data_banks/semantics/table_extraction_rules.any.json,databanks,19,12,D,weak_contract_enforcement|non_specific_error_handling|weak_observability
backend/src/data_banks/semantics/terminology_domains.any.json,databanks,1139,14,D,non_specific_error_handling|weak_observability
backend/src/data_banks/semantics/time_semantics.any.json,databanks,192,13,D,weak_contract_enforcement|non_specific_error_handling|weak_observability
backend/src/data_banks/state/conversation_state_schema.any.json,databanks,275,14,D,non_specific_error_handling|weak_observability
backend/src/data_banks/state/memory_decay_rules.any.json,databanks,236,14,D,weak_contract_enforcement|non_specific_error_handling|weak_observability
backend/src/data_banks/state/state_debug_policy.any.json,databanks,139,13,D,weak_contract_enforcement|non_specific_error_handling|weak_observability
backend/src/data_banks/state/state_update_rules.any.json,databanks,331,14,D,weak_contract_enforcement|non_specific_error_handling|weak_observability
backend/src/data_banks/templates/chart_blueprints.any.json,databanks,133,19,C,non_specific_error_handling|weak_observability
backend/src/data_banks/templates/edit_rationale_templates.any.json,databanks,157,14,D,non_specific_error_handling|weak_observability
backend/src/data_banks/templates/proof_templates.any.json,databanks,129,15,D,non_specific_error_handling|weak_observability
backend/src/data_banks/templates/slide_blueprints.any.json,databanks,199,15,D,non_specific_error_handling|weak_observability
backend/src/data_banks/tests/collision_cases.any.json,databanks,454,13,D,weak_contract_enforcement|non_specific_error_handling|weak_observability
backend/src/data_banks/tests/intent_cases.docx.en.any.json,databanks,2867,9,D,god_file_size|weak_contract_enforcement|non_specific_error_handling|weak_observability
backend/src/data_banks/tests/intent_cases.docx.pt.any.json,databanks,2497,9,D,god_file_size|weak_contract_enforcement|non_specific_error_handling|weak_observability
backend/src/data_banks/tests/intent_cases.excel.en.any.json,databanks,3228,11,D,god_file_size|non_specific_error_handling|weak_observability
backend/src/data_banks/tests/intent_cases.excel.pt.any.json,databanks,1445,13,D,non_specific_error_handling|weak_observability
backend/src/data_banks/tests/negatives_regression.any.json,databanks,326,13,D,weak_contract_enforcement|non_specific_error_handling|weak_observability
backend/src/data_banks/tests/normalization_tests.any.json,databanks,297,15,D,non_specific_error_handling|weak_observability
backend/src/data_banks/tests/retrieval_tests.any.json,databanks,400,17,C,non_specific_error_handling|weak_observability
backend/src/data_banks/triggers/allybi_language_triggers.any.json,databanks,179,13,D,weak_contract_enforcement|non_specific_error_handling|weak_observability
backend/src/data_banks/triggers/domain_triggers.any.json,databanks,494,13,D,weak_contract_enforcement|non_specific_error_handling|weak_observability
backend/src/data_banks/triggers/format_triggers.any.json,databanks,227,14,D,weak_contract_enforcement|non_specific_error_handling|weak_observability
backend/src/data_banks/triggers/intent_triggers.any.json,databanks,435,13,D,weak_contract_enforcement|non_specific_error_handling|weak_observability
backend/src/data_banks/triggers/language_triggers.any.json,databanks,223,14,D,weak_contract_enforcement|non_specific_error_handling|weak_observability
backend/src/data_banks/triggers/nav_triggers.any.json,databanks,154,14,D,weak_contract_enforcement|non_specific_error_handling|weak_observability
backend/src/data_banks/triggers/operator_triggers.any.json,databanks,215,13,D,weak_contract_enforcement|non_specific_error_handling|weak_observability
backend/src/docs/PARAGRAPH_EDIT_QUALITY_REPORT.md,backend.other,412,17,C,non_specific_error_handling
backend/src/docs/PRISMA_CHAT_ARCHITECTURE.md,backend.other,40,13,D,weak_contract_enforcement|non_specific_error_handling|weak_observability
backend/src/docs/PROMPT_ARCHITECTURE.md,backend.other,57,16,C,non_specific_error_handling|weak_observability
backend/src/docs/SECURITY_AUDIT.md,backend.other,322,18,C,runtime_side_effects|non_specific_error_handling
backend/src/docs/SYSTEM_PROMPT_AUDIT_2026-02-19.md,backend.other,163,17,C,non_specific_error_handling
backend/src/docs/telemetry.md,backend.other,233,21,B,
backend/src/queues/document.queue.ts,backend.other,1622,15,D,weak_contract_enforcement|runtime_side_effects
backend/src/routes/adminTelemetry.routes.ts,backend.routes,193,17,C,runtime_side_effects|non_specific_error_handling
backend/src/routes/auth.routes.ts,backend.routes,447,17,C,runtime_side_effects
backend/src/routes/chat.routes.ts,backend.routes,1043,18,C,runtime_side_effects
backend/src/routes/editing.routes.ts,backend.routes,54,12,D,weak_contract_enforcement|non_specific_error_handling|weak_observability
backend/src/routes/slidesStudio.routes.ts,backend.routes,1048,15,D,weak_contract_enforcement|runtime_side_effects
backend/src/routes/telemetry.routes.ts,backend.routes,219,18,C,runtime_side_effects
backend/src/server.ts,backend.other,342,16,C,weak_contract_enforcement|runtime_side_effects
backend/src/services/admin/answerQuality.service.ts,backend.other,361,17,C,weak_contract_enforcement|non_specific_error_handling
backend/src/services/admin/live.service.ts,backend.other,208,17,C,weak_contract_enforcement|runtime_side_effects
backend/src/services/admin/llmCost.service.ts,backend.other,297,16,C,weak_contract_enforcement
backend/src/services/admin/patterns.service.ts,backend.other,404,14,D,weak_contract_enforcement|runtime_side_effects|non_specific_error_handling
backend/src/services/admin/queries.service.ts,backend.other,386,16,C,weak_contract_enforcement|non_specific_error_handling
backend/src/services/admin/queryTrace.service.ts,backend.other,434,16,C,weak_contract_enforcement
backend/src/services/app/adminTelemetryApp.service.ts,backend.other,1381,13,D,weak_contract_enforcement|runtime_side_effects|non_specific_error_handling
backend/src/services/app/chatApp.service.ts,backend.other,345,15,D,runtime_side_effects|non_specific_error_handling|weak_observability
backend/src/services/chat/chatKernel.service.ts,backend.chat.runtime,99,19,C,weak_contract_enforcement
backend/src/services/chatRuntime.contracts.ts,backend.other,161,17,C,non_specific_error_handling
backend/src/services/chatRuntime.service.ts,backend.chat.runtime,18425,12,D,god_file_size|runtime_side_effects|critical_file_low_test_directness
backend/src/services/config/fallbackConfig.service.ts,backend.other,319,15,D,runtime_side_effects
backend/src/services/config/index.ts,backend.other,6,16,C,weak_contract_enforcement|non_specific_error_handling|weak_observability
backend/src/services/config/promptConfig.service.ts,backend.other,1518,15,D,runtime_side_effects
backend/src/services/connectors/gmail/gmailOAuth.service.ts,backend.other,484,16,C,runtime_side_effects|weak_observability
backend/src/services/connectors/outlook/outlookOAuth.service.ts,backend.other,367,15,D,runtime_side_effects|weak_observability
backend/src/services/core/banks/bankLoader.service.ts,backend.banks,370,21,B,runtime_side_effects
backend/src/services/core/banks/dataBankLoader.service.ts,backend.banks,712,19,C,
backend/src/services/core/compose/answerComposer.service.ts,backend.other,710,15,D,weak_contract_enforcement|non_specific_error_handling
backend/src/services/core/compose/answerEngine.service.ts,backend.other,680,16,C,weak_contract_enforcement|non_specific_error_handling
backend/src/services/core/compose/microcopyPicker.service.ts,backend.other,446,14,D,weak_contract_enforcement|non_specific_error_handling|weak_observability
backend/src/services/core/enforcement/contentGuard.service.ts,backend.other,847,15,D,weak_contract_enforcement|runtime_side_effects
backend/src/services/core/enforcement/fallbackEngine.service.ts,backend.other,665,17,C,non_specific_error_handling|weak_observability
backend/src/services/core/enforcement/responseContractEnforcer.service.ts,backend.other,434,13,D,weak_contract_enforcement|non_specific_error_handling|weak_observability
backend/src/services/core/enforcement/trustGate.service.ts,backend.other,443,17,C,runtime_side_effects
backend/src/services/core/execution/actionHistory.service.ts,backend.other,170,12,D,weak_contract_enforcement|runtime_side_effects|non_specific_error_handling|weak_observability
backend/src/services/core/execution/emailComposeExtractor.service.ts,backend.other,216,13,D,weak_contract_enforcement|non_specific_error_handling|weak_observability
backend/src/services/core/execution/fileActionExecutor.service.ts,backend.other,1415,15,D,runtime_side_effects
backend/src/services/core/extraction/entityExtractor.service.ts,backend.other,395,14,D,weak_contract_enforcement|weak_observability
backend/src/services/core/handlers/editHandler.service.ts,backend.other,280,21,B,
backend/src/services/core/index.ts,backend.other,60,16,C,weak_contract_enforcement|non_specific_error_handling|weak_observability
backend/src/services/core/inputs/boilerplateStripper.service.ts,backend.other,413,16,C,weak_contract_enforcement|runtime_side_effects
backend/src/services/core/inputs/languageDetector.service.ts,backend.other,418,15,D,weak_contract_enforcement|non_specific_error_handling|weak_observability
backend/src/services/core/inputs/languageEnforcement.service.ts,backend.other,299,14,D,weak_contract_enforcement|non_specific_error_handling|weak_observability
backend/src/services/core/inputs/runtimePatterns.service.ts,backend.other,538,16,C,runtime_side_effects
backend/src/services/core/orchestration/editingDispatch.test.ts,tests,256,20,B,weak_contract_enforcement|non_specific_error_handling
backend/src/services/core/orchestration/kodaOrchestrator.service.ts,backend.other,955,19,C,weak_contract_enforcement|runtime_side_effects
backend/src/services/core/orchestration/orchestratorFactory.ts,backend.other,385,15,D,weak_contract_enforcement|non_specific_error_handling
backend/src/services/core/retrieval/evidenceGate.service.ts,backend.other,286,15,D,weak_contract_enforcement|non_specific_error_handling
backend/src/services/core/retrieval/sourceButtons.service.ts,backend.other,832,15,D,weak_contract_enforcement|runtime_side_effects
backend/src/services/core/routing/answerModeRouter.service.ts,backend.routing,376,14,D,weak_contract_enforcement|non_specific_error_handling|weak_observability
backend/src/services/core/routing/intentEngine.service.ts,backend.routing,1420,12,D,weak_contract_enforcement|non_specific_error_handling|weak_observability
backend/src/services/core/routing/operatorResolver.service.ts,backend.routing,1070,16,C,weak_contract_enforcement
backend/src/services/core/routing/router.service.ts,backend.routing,555,14,D,weak_contract_enforcement|runtime_side_effects|non_specific_error_handling
backend/src/services/creative/assetProvenance.service.ts,backend.other,205,15,D,non_specific_error_handling|weak_observability
backend/src/services/creative/creativeOrchestrator.service.ts,backend.other,183,15,D,non_specific_error_handling|weak_observability
backend/src/services/creative/deck/deckPlan.types.ts,backend.other,105,19,C,non_specific_error_handling|weak_observability
backend/src/services/creative/deck/deckPlanner.service.ts,backend.other,726,17,C,runtime_side_effects|non_specific_error_handling|weak_observability
backend/src/services/creative/deck/deckVisuals.service.ts,backend.other,581,18,C,runtime_side_effects
backend/src/services/creative/googleImagenProvider.ts,backend.other,110,15,D,runtime_side_effects|non_specific_error_handling
backend/src/services/creative/index.ts,backend.other,10,16,C,weak_contract_enforcement|non_specific_error_handling|weak_observability
backend/src/services/creative/nanoBanana.client.service.ts,backend.other,83,18,C,non_specific_error_handling|weak_observability
backend/src/services/creative/nanoBanana.client.test.ts,tests,203,20,B,non_specific_error_handling|weak_observability
backend/src/services/creative/promptBuilder.service.ts,backend.other,260,16,C,non_specific_error_handling|weak_observability
backend/src/services/creative/qualityGate.service.ts,backend.other,207,14,D,non_specific_error_handling|weak_observability
backend/src/services/creative/styleDNA.service.ts,backend.other,409,18,C,runtime_side_effects|non_specific_error_handling
backend/src/services/creative/templates/slideVisual.templates.json,backend.other,91,13,D,weak_contract_enforcement|non_specific_error_handling|weak_observability
backend/src/services/editing/allybi/intentClassifier.test.ts,backend.editing+tests,79,18,C,weak_contract_enforcement|non_specific_error_handling|weak_observability
backend/src/services/editing/allybi/intentClassifier.ts,backend.editing,326,16,C,weak_contract_enforcement|non_specific_error_handling|weak_observability
backend/src/services/editing/allybi/loadBanks.ts,backend.editing,90,13,D,weak_contract_enforcement|non_specific_error_handling|weak_observability
backend/src/services/editing/allybi/operatorPlanner.test.ts,backend.editing+tests,158,19,C,non_specific_error_handling|weak_observability
backend/src/services/editing/allybi/scopeResolver.test.ts,backend.editing+tests,91,19,C,weak_contract_enforcement|non_specific_error_handling|weak_observability
backend/src/services/editing/allybi/scopeResolver.ts,backend.editing,318,16,C,weak_contract_enforcement|non_specific_error_handling|weak_observability
backend/src/services/editing/allybi/supportContract.service.ts,backend.editing,256,17,C,weak_contract_enforcement|weak_observability
backend/src/services/editing/banks/bankIntegrity.service.ts,backend.editing,64,15,D,non_specific_error_handling|weak_observability
backend/src/services/editing/banks/bankService.ts,backend.editing,93,9,D,weak_contract_enforcement|runtime_side_effects|non_specific_error_handling|weak_observability
backend/src/services/editing/contracts/editContracts.ts,backend.editing,135,17,C,non_specific_error_handling
backend/src/services/editing/documentRevisionStore.service.ts,backend.editing,1963,16,C,god_file_size|runtime_side_effects|critical_file_low_test_directness
backend/src/services/editing/editOrchestrator.proof.test.ts,backend.editing+tests,141,19,C,weak_contract_enforcement|non_specific_error_handling|weak_observability
backend/src/services/editing/editOrchestrator.service.ts,backend.editing,691,26,A-,
backend/src/services/editing/editOrchestrator.stalePlan.test.ts,backend.editing+tests,80,19,C,weak_contract_enforcement|non_specific_error_handling|weak_observability
backend/src/services/editing/editReceipt.service.test.ts,backend.editing+tests,56,18,C,weak_contract_enforcement|non_specific_error_handling|weak_observability
backend/src/services/editing/editReceipt.service.ts,backend.editing,152,16,C,weak_contract_enforcement|non_specific_error_handling|weak_observability
backend/src/services/editing/editTelemetry.service.ts,backend.editing,144,18,C,runtime_side_effects|non_specific_error_handling
backend/src/services/editing/entrypoints/editingFacade.service.ts,backend.editing,34,16,C,non_specific_error_handling
backend/src/services/editing/excelSourceOfTruth.service.ts,backend.editing,904,16,C,non_specific_error_handling|weak_observability
backend/src/services/editing/index.ts,backend.editing,43,17,C,non_specific_error_handling|weak_observability
backend/src/services/editing/intentRuntime/loaders.ts,backend.editing,162,13,D,weak_contract_enforcement|non_specific_error_handling|weak_observability
backend/src/services/editing/intentRuntime/types.ts,backend.editing,303,20,B,non_specific_error_handling
backend/src/services/editing/slides/slidesAssets.service.ts,backend.editing,215,15,D,runtime_side_effects|non_specific_error_handling|weak_observability
backend/src/services/extraction/piiExtractor.service.ts,backend.other,520,17,C,runtime_side_effects
backend/src/services/files/fileInventory.service.ts,backend.other,332,15,D,non_specific_error_handling|weak_observability
backend/src/services/files/folderNavigation.service.ts,backend.other,470,12,D,weak_contract_enforcement|runtime_side_effects|non_specific_error_handling|weak_observability
backend/src/services/ingestion/titleGeneration.service.ts,backend.other,399,17,C,weak_contract_enforcement
backend/src/services/llm/core/llmChatEngine.ts,backend.llm,99,17,C,non_specific_error_handling
backend/src/services/llm/core/llmClient.interface.ts,backend.llm,229,21,B,weak_contract_enforcement|non_specific_error_handling
backend/src/services/llm/core/llmGateway.service.ts,backend.llm,426,15,D,weak_contract_enforcement|runtime_side_effects|non_specific_error_handling
backend/src/services/llm/core/llmRateLimit.service.ts,backend.llm,438,15,D,weak_contract_enforcement|non_specific_error_handling
backend/src/services/llm/core/llmRequestBuilder.service.ts,backend.llm,427,18,C,weak_contract_enforcement|non_specific_error_handling|weak_observability
backend/src/services/llm/core/llmResponseParser.service.ts,backend.llm,198,17,C,weak_contract_enforcement|non_specific_error_handling|weak_observability
backend/src/services/llm/core/llmRouter.service.ts,backend.llm,453,20,B,non_specific_error_handling|weak_observability
backend/src/services/llm/core/llmSafetyAdapter.service.ts,backend.llm,348,16,C,non_specific_error_handling|weak_observability
backend/src/services/llm/core/llmStreamAdapter.service.ts,backend.llm,344,20,B,weak_contract_enforcement|runtime_side_effects
backend/src/services/llm/core/llmTelemetry.service.ts,backend.llm,47,18,C,
backend/src/services/llm/core/telemetryLlmClient.decorator.ts,backend.llm,148,18,C,weak_contract_enforcement|runtime_side_effects
backend/src/services/llm/index.ts,backend.llm,47,16,C,weak_contract_enforcement|non_specific_error_handling|weak_observability
backend/src/services/llm/prompts/composePrompt.builder.ts,backend.llm,152,13,D,weak_contract_enforcement|non_specific_error_handling|weak_observability
backend/src/services/llm/prompts/promptRegistry.service.ts,backend.llm,484,18,C,non_specific_error_handling|weak_observability
backend/src/services/llm/prompts/retrievalPrompt.builder.ts,backend.llm,436,16,C,non_specific_error_handling|weak_observability
backend/src/services/llm/prompts/systemPrompt.builder.ts,backend.llm,126,14,D,weak_contract_enforcement|non_specific_error_handling|weak_observability
backend/src/services/llm/prompts/toolPrompt.builder.ts,backend.llm,220,18,C,non_specific_error_handling|weak_observability
backend/src/services/llm/providers/gemini/geminiClient.service.ts,backend.llm,672,18,C,
backend/src/services/llm/providers/gemini/geminiGateway.service.ts,backend.llm,426,22,B,
backend/src/services/llm/providers/gemini/geminiPromptAdapter.service.ts,backend.llm,492,16,C,non_specific_error_handling|weak_observability
backend/src/services/llm/providers/gemini/geminiSafetyAdapter.service.ts,backend.llm,240,16,C,non_specific_error_handling|weak_observability
backend/src/services/llm/providers/gemini/geminiStreamAdapter.service.ts,backend.llm,419,15,D,weak_contract_enforcement|non_specific_error_handling
backend/src/services/llm/providers/gemini/geminiToolAdapter.service.ts,backend.llm,419,15,D,weak_contract_enforcement|non_specific_error_handling
backend/src/services/llm/providers/local/localClient.service.ts,backend.llm,874,17,C,
backend/src/services/llm/providers/openai/openaiPromptAdapter.service.ts,backend.llm,493,22,B,non_specific_error_handling
backend/src/services/llm/providers/openai/openaiSafetyAdapter.service.ts,backend.llm,177,14,D,weak_contract_enforcement|non_specific_error_handling|weak_observability
backend/src/services/llm/providers/openai/openaiStreamAdapter.service.ts,backend.llm,290,15,D,weak_contract_enforcement|runtime_side_effects
backend/src/services/llm/tests/llmContract.test.ts,backend.llm+tests,131,20,B,weak_contract_enforcement|non_specific_error_handling|weak_observability
backend/src/services/llm/tests/openaiAdapter.test.ts,backend.llm+tests,278,22,B,non_specific_error_handling|weak_observability
backend/src/services/llm/types/llm.types.ts,backend.llm,419,23,B,non_specific_error_handling
backend/src/services/llm/types/llmErrors.types.ts,backend.llm,181,18,C,non_specific_error_handling
backend/src/services/llm/types/llmStreaming.types.ts,backend.llm,309,19,C,non_specific_error_handling
backend/src/services/llm/types/llmTools.types.ts,backend.llm,304,22,B,non_specific_error_handling
backend/src/services/prismaChat.service.ts,backend.chat.runtime,130,18,C,runtime_side_effects|non_specific_error_handling|weak_observability
backend/src/services/retrieval/embeddings.service.ts,backend.other,314,15,D,weak_contract_enforcement|runtime_side_effects
backend/src/services/telemetry/adminTelemetryAdapter.ts,backend.other,1231,16,C,weak_contract_enforcement|runtime_side_effects
backend/src/services/telemetry/index.ts,backend.other,11,18,C,weak_contract_enforcement|non_specific_error_handling
backend/src/services/telemetry/telemetry.aggregations.ts,backend.other,845,17,C,weak_contract_enforcement
backend/src/services/telemetry/telemetry.capture.ts,backend.other,272,18,C,
backend/src/services/telemetry/telemetry.constants.ts,backend.other,174,16,C,non_specific_error_handling
backend/src/services/telemetry/telemetry.redaction.ts,backend.other,201,17,C,non_specific_error_handling
backend/src/services/telemetry/telemetry.service.ts,backend.other,198,21,B,
backend/src/services/telemetry/telemetry.types.ts,backend.other,262,19,C,
backend/src/tests/bankCoverage.test.ts,tests,70,17,C,weak_contract_enforcement|runtime_side_effects|non_specific_error_handling|weak_observability
backend/src/tests/connectors.integration.test.ts,tests,35,17,C,weak_contract_enforcement|non_specific_error_handling|weak_observability
backend/src/tests/creative.integration.test.ts,tests,29,17,C,weak_contract_enforcement|non_specific_error_handling|weak_observability
backend/src/tests/editingHarness.integration.test.ts,tests,428,21,B,runtime_side_effects|non_specific_error_handling
backend/src/tests/editingRouting.guard.test.ts,tests,43,18,C,weak_contract_enforcement|non_specific_error_handling|weak_observability
backend/src/tests/intentRuntime.integration.test.ts,tests,272,18,C,weak_contract_enforcement|non_specific_error_handling|weak_observability
backend/src/tests/prismaChatService.contract.test.ts,tests,32,17,C,weak_contract_enforcement|runtime_side_effects|non_specific_error_handling|weak_observability
backend/src/tests/promptCompilation.test.ts,tests,257,18,C,weak_contract_enforcement|non_specific_error_handling|weak_observability
backend/src/tests/promptRegistryRules.test.ts,tests,50,17,C,weak_contract_enforcement|non_specific_error_handling|weak_observability
backend/src/tests/routingAlignment.test.ts,tests,137,16,C,weak_contract_enforcement|runtime_side_effects|non_specific_error_handling|weak_observability
backend/src/types/adminTelemetry.api.types.ts,backend.other,224,18,C,weak_contract_enforcement
backend/src/types/api.types.ts,backend.other,273,14,D,weak_contract_enforcement|non_specific_error_handling|weak_observability
backend/src/types/attachments.types.ts,backend.other,144,13,D,weak_contract_enforcement|non_specific_error_handling|weak_observability
backend/src/types/documents.types.ts,backend.other,324,14,D,weak_contract_enforcement|non_specific_error_handling|weak_observability
backend/src/types/domains.types.ts,backend.other,163,13,D,weak_contract_enforcement|non_specific_error_handling|weak_observability
backend/src/types/handlerResult.types.ts,backend.other,268,15,D,non_specific_error_handling|weak_observability
backend/src/types/intents.types.ts,backend.other,254,15,D,weak_contract_enforcement|non_specific_error_handling
backend/src/types/richMessage.types.ts,backend.other,158,14,D,non_specific_error_handling|weak_observability
backend/src/types/validation.types.ts,backend.other,178,15,D,weak_contract_enforcement|non_specific_error_handling|weak_observability
backend/src/utils/resolveDataDir.ts,backend.other,129,13,D,runtime_side_effects|non_specific_error_handling|weak_observability
backend/src/utils/retryUtils.ts,backend.other,205,18,C,weak_contract_enforcement
frontend/src/App.jsx,frontend.other,286,16,C,weak_contract_enforcement|runtime_side_effects|non_specific_error_handling|weak_observability
frontend/src/assets/new-icon-black.svg,frontend.other,10,15,D,non_specific_error_handling|weak_observability
frontend/src/assets/new-icon.svg,frontend.other,10,16,C,non_specific_error_handling|weak_observability
frontend/src/components/admin/AdminUsers.jsx,frontend.other,59,13,D,weak_contract_enforcement|non_specific_error_handling|weak_observability
frontend/src/components/app-shell/LeftNav.jsx,frontend.other,605,14,D,weak_contract_enforcement|non_specific_error_handling|weak_observability
frontend/src/components/app-shell/MobileBottomNav.jsx,frontend.other,202,12,D,weak_contract_enforcement|non_specific_error_handling|weak_observability
frontend/src/components/app-shell/MobileTabShell.jsx,frontend.other,749,18,C,non_specific_error_handling
frontend/src/components/attachments/AttachmentsRenderer.jsx,frontend.attachments,420,14,D,weak_contract_enforcement|non_specific_error_handling|weak_observability
frontend/src/components/attachments/cards/EditSessionCard.jsx,frontend.attachments,733,15,D,weak_observability
frontend/src/components/attachments/cards/EmailCard.css,frontend.attachments,252,13,D,weak_contract_enforcement|non_specific_error_handling|weak_observability
frontend/src/components/attachments/cards/ImageCard.jsx,frontend.attachments,221,13,D,weak_contract_enforcement|non_specific_error_handling|weak_observability
frontend/src/components/attachments/inline/InlineDocumentButton.jsx,frontend.attachments,145,14,D,non_specific_error_handling|weak_observability
frontend/src/components/attachments/inline/InlineDocumentList.css,frontend.attachments,14,13,D,weak_contract_enforcement|non_specific_error_handling|weak_observability
frontend/src/components/attachments/inline/InlineDocumentList.jsx,frontend.attachments,83,13,D,weak_contract_enforcement|non_specific_error_handling|weak_observability
frontend/src/components/attachments/inline/InlineFolderButton.jsx,frontend.attachments,64,13,D,weak_contract_enforcement|non_specific_error_handling|weak_observability
frontend/src/components/attachments/pills/SourcePill.jsx,frontend.attachments,159,15,D,non_specific_error_handling|weak_observability
frontend/src/components/auth/UnifiedAuth.jsx,frontend.other,693,18,C,runtime_side_effects
frontend/src/components/auth/Verification.jsx,frontend.other,414,19,C,weak_contract_enforcement|runtime_side_effects
frontend/src/components/chat/ChatEmptyState.jsx,frontend.chat,158,13,D,weak_contract_enforcement|non_specific_error_handling|weak_observability
frontend/src/components/chat/ChatHistory.jsx,frontend.chat,1191,16,C,runtime_side_effects
frontend/src/components/chat/ChatInterface.jsx,frontend.chat,6300,15,D,god_file_size|runtime_side_effects
frontend/src/components/chat/ChatScreen.jsx,frontend.chat,388,14,D,weak_contract_enforcement|runtime_side_effects|weak_observability
frontend/src/components/chat/DebugOverlay.jsx,frontend.chat,156,14,D,weak_contract_enforcement|non_specific_error_handling|weak_observability
frontend/src/components/chat/index.js,frontend.chat,9,16,C,weak_contract_enforcement|non_specific_error_handling|weak_observability
frontend/src/components/chat/messages/MessageActions.css,frontend.chat,50,13,D,weak_contract_enforcement|non_specific_error_handling|weak_observability
frontend/src/components/chat/messages/MessageActions.jsx,frontend.chat,218,13,D,weak_contract_enforcement|non_specific_error_handling|weak_observability
frontend/src/components/chat/messages/useStageLabel.js,frontend.chat,36,14,D,weak_contract_enforcement|non_specific_error_handling|weak_observability
frontend/src/components/chat/streaming/MarkdownStyles.css,frontend.chat,316,13,D,weak_contract_enforcement|non_specific_error_handling|weak_observability
frontend/src/components/chat/streaming/StreamingAnimation.css,frontend.chat,154,13,D,weak_contract_enforcement|non_specific_error_handling|weak_observability
frontend/src/components/chat/streaming/StreamingMarkdownEnhanced.jsx,frontend.chat,66,13,D,weak_contract_enforcement|non_specific_error_handling|weak_observability
frontend/src/components/chat/streaming/StreamingWelcomeMessage.jsx,frontend.chat,185,12,D,weak_contract_enforcement|runtime_side_effects|non_specific_error_handling|weak_observability
frontend/src/components/documents/AttachmentPickerModal.jsx,frontend.documents,179,12,D,weak_contract_enforcement|non_specific_error_handling|weak_observability
frontend/src/components/documents/DocumentCard.jsx,frontend.documents,192,14,D,non_specific_error_handling|weak_observability
frontend/src/components/documents/DocumentPreviewButton.jsx,frontend.documents,142,13,D,runtime_side_effects|non_specific_error_handling|weak_observability
frontend/src/components/documents/DocumentPreviewModal.jsx,frontend.documents,1140,16,C,
frontend/src/components/documents/Documents.jsx,frontend.documents,1740,17,C,weak_contract_enforcement|runtime_side_effects
frontend/src/components/documents/DocumentsPage.jsx,frontend.documents,2010,11,D,god_file_size|runtime_side_effects|weak_observability
frontend/src/components/documents/DocumentViewer.jsx,frontend.documents,5996,16,C,god_file_size|weak_contract_enforcement|runtime_side_effects
frontend/src/components/documents/editor/ChangesTab.jsx,frontend.documents,204,13,D,weak_contract_enforcement|non_specific_error_handling|weak_observability
frontend/src/components/documents/editor/TargetsTab.jsx,frontend.documents,366,16,C,weak_observability
frontend/src/components/documents/GeneratedDocumentCard.jsx,frontend.documents,497,14,D,runtime_side_effects|weak_observability
frontend/src/components/documents/previews/DocxEditCanvas.jsx,frontend.documents,2297,11,D,god_file_size|weak_contract_enforcement|runtime_side_effects|critical_file_low_test_directness
frontend/src/components/documents/previews/ExcelEditCanvas.jsx,frontend.documents,2888,15,D,god_file_size|runtime_side_effects
frontend/src/components/documents/previews/MarkdownPreview.jsx,frontend.documents,215,17,C,weak_contract_enforcement
frontend/src/components/documents/previews/PptxEditCanvas.jsx,frontend.documents,432,15,D,weak_contract_enforcement|weak_observability
frontend/src/components/documents/studio/PptxStudio.css,frontend.documents,523,13,D,weak_contract_enforcement|non_specific_error_handling|weak_observability
frontend/src/components/documents/studio/PptxStudio.jsx,frontend.documents,1680,12,D,weak_contract_enforcement|weak_observability
frontend/src/components/home/ContinueCard.jsx,frontend.other,280,11,D,weak_contract_enforcement|runtime_side_effects|non_specific_error_handling|weak_observability
frontend/src/components/integrations/GmailDetailPage.jsx,frontend.other,818,12,D,weak_contract_enforcement|runtime_side_effects|weak_observability
frontend/src/components/onboarding/Slide5.jsx,frontend.other,122,14,D,non_specific_error_handling|weak_observability
frontend/src/components/shared/ClickableDocumentName.jsx,frontend.other,293,14,D,non_specific_error_handling|weak_observability
frontend/src/components/sources/SourcesRow.jsx,frontend.other,158,16,C,non_specific_error_handling
frontend/src/components/upload/UniversalUploadModal.jsx,frontend.other,2257,15,D,god_file_size|runtime_side_effects
frontend/src/components/upload/UploadHub.jsx,frontend.other,3928,14,D,god_file_size|runtime_side_effects
frontend/src/config/tabConfig.js,frontend.other,128,15,D,weak_contract_enforcement|non_specific_error_handling|weak_observability
frontend/src/constants/routes.js,frontend.other,106,17,C,weak_contract_enforcement|non_specific_error_handling|weak_observability
frontend/src/context/AuthContext.jsx,frontend.other,452,17,C,runtime_side_effects
frontend/src/hooks/index.js,frontend.other,18,16,C,weak_contract_enforcement|non_specific_error_handling|weak_observability
frontend/src/hooks/useAnalytics.js,frontend.other,169,17,C,runtime_side_effects
frontend/src/hooks/useConversations.js,frontend.other,239,17,C,runtime_side_effects|non_specific_error_handling
frontend/src/hooks/useDocxEditState.js,frontend.other,308,13,D,weak_contract_enforcement|non_specific_error_handling|weak_observability
frontend/src/hooks/useKeyboardShortcuts.js,frontend.other,95,13,D,weak_contract_enforcement|non_specific_error_handling|weak_observability
frontend/src/hooks/useMobileTabNavigation.js,frontend.other,232,12,D,weak_contract_enforcement|runtime_side_effects|non_specific_error_handling|weak_observability
frontend/src/hooks/usePrefetch.js,frontend.other,204,17,C,runtime_side_effects|non_specific_error_handling
frontend/src/hooks/useSidebarState.js,frontend.other,118,16,C,weak_contract_enforcement|runtime_side_effects
frontend/src/hooks/useTelemetry.js,frontend.other,141,16,C,weak_contract_enforcement|runtime_side_effects
frontend/src/i18n.js,frontend.other,584,12,D,weak_contract_enforcement|runtime_side_effects|non_specific_error_handling|weak_observability
frontend/src/i18n/locales/en.json,frontend.other,1817,11,D,god_file_size|weak_contract_enforcement|non_specific_error_handling|weak_observability
frontend/src/i18n/locales/es-ES.json,frontend.other,1811,10,D,god_file_size|weak_contract_enforcement|non_specific_error_handling|weak_observability
frontend/src/i18n/locales/pt-BR.json,frontend.other,1784,12,D,non_specific_error_handling|weak_observability
frontend/src/index.css,frontend.other,2097,10,D,god_file_size|weak_contract_enforcement|non_specific_error_handling|weak_observability
frontend/src/pages/ChatContractHarness.jsx,frontend.other,329,14,D,weak_contract_enforcement|non_specific_error_handling
frontend/src/services/allybiTelemetryService.js,frontend.services,145,14,D,weak_contract_enforcement|runtime_side_effects|non_specific_error_handling
frontend/src/services/chatService.js,frontend.services,1108,16,C,runtime_side_effects
frontend/src/services/dashboard/api.js,frontend.services,76,16,C,weak_contract_enforcement|non_specific_error_handling
frontend/src/services/editingService.js,frontend.services,94,14,D,weak_contract_enforcement|weak_observability
frontend/src/services/index.js,frontend.services,18,16,C,weak_contract_enforcement|non_specific_error_handling|weak_observability
frontend/src/styles/ExcelPreview.css,frontend.other,558,13,D,weak_contract_enforcement|non_specific_error_handling|weak_observability
frontend/src/styles/koda-markdown.css,frontend.other,448,14,D,weak_contract_enforcement|non_specific_error_handling|weak_observability
frontend/src/tests/fileActions.test.js,tests,209,20,B,non_specific_error_handling|weak_observability
frontend/src/tests/swipeNavigation.test.js,tests,390,18,C,weak_contract_enforcement|non_specific_error_handling|weak_observability
frontend/src/types/telemetry.js,frontend.other,135,14,D,weak_contract_enforcement|weak_observability
frontend/src/utils/browser/googleAnalytics.js,frontend.other,223,14,D,weak_contract_enforcement|non_specific_error_handling|weak_observability
frontend/src/utils/chat/messageUtils.js,frontend.other,324,16,C,runtime_side_effects|non_specific_error_handling
frontend/src/utils/chat/optimisticMessages.ts,frontend.other,89,13,D,weak_contract_enforcement|runtime_side_effects|non_specific_error_handling|weak_observability
frontend/src/utils/chat/streamingBuffer.js,frontend.other,222,13,D,weak_contract_enforcement|non_specific_error_handling|weak_observability
frontend/src/utils/docxCanvasUtils.js,frontend.other,186,12,D,weak_contract_enforcement|non_specific_error_handling|weak_observability
frontend/src/utils/editor/docxSelectionModel.js,frontend.other,413,12,D,weak_contract_enforcement|non_specific_error_handling|weak_observability
frontend/src/utils/index.js,frontend.other,9,16,C,weak_contract_enforcement|non_specific_error_handling|weak_observability
frontend/src/utils/notifications/legacyNotificationMapper.js,frontend.other,251,15,D,weak_contract_enforcement|non_specific_error_handling
frontend/src/utils/parsing/inlineDocumentParser.js,frontend.other,437,12,D,weak_contract_enforcement|non_specific_error_handling|weak_observability
