file,decision,priority,risk_score,loc,has_nearby_test,any_count,console_count,catch_count,runtime_unreachable,planned_move_scope,reasons
src/services/editing/xlsx/xlsxFileEditor.service.ts,V2_NOW,p1,10,1122,false,182,0,0,false,true,large_file_1000_plus|no_nearby_tests_large|high_any_density|planned_module_migration_scope
src/services/cache.service.ts,V2_NOW,p1,9,568,false,12,48,23,false,false,file_500_plus|no_nearby_tests_large|elevated_any_density|high_console_density|many_catch_paths
src/services/editing/documentRevisionStore.service.ts,V2_NOW,p1,8,3090,true,233,0,8,false,true,very_large_file|high_any_density|planned_module_migration_scope
src/services/editing/docx/docxEditor.service.ts,V2_NOW,p1,8,2894,false,14,0,0,false,true,very_large_file|no_nearby_tests_large|planned_module_migration_scope
src/services/editing/editOrchestrator.service.ts,V2_NOW,p1,8,988,false,32,0,3,false,true,large_file_800_plus|no_nearby_tests_large|elevated_any_density|planned_module_migration_scope
src/services/editing/allybi/operatorPlanner.ts,V2_NOW,p1,7,1051,false,7,0,0,false,true,large_file_1000_plus|no_nearby_tests_large|planned_module_migration_scope
src/services/auth.service.ts,V2_NOW,p1,7,1005,false,3,17,7,false,false,large_file_1000_plus|no_nearby_tests_large|elevated_console_density
src/services/telemetry/telemetry.aggregations.ts,V2_NOW,p1,7,982,false,38,0,0,false,false,large_file_800_plus|no_nearby_tests_large|elevated_any_density
src/services/telemetry/adminTelemetryAdapter.ts,V2_TARGETED,p2,6,1825,true,3,31,31,false,false,very_large_file|elevated_console_density|many_catch_paths
src/services/core/banks/dataBankLoader.service.ts,V2_TARGETED,p2,6,1604,true,21,0,4,false,true,very_large_file|any_density|planned_module_migration_scope
src/services/editing/spreadsheetModel/computeOpsToPatchPlan.ts,V2_TARGETED,p2,6,980,false,9,0,1,false,true,large_file_800_plus|no_nearby_tests_large|planned_module_migration_scope
src/services/core/banks/documentIntelligenceBanks.service.ts,V2_TARGETED,p2,6,900,false,0,0,0,false,true,large_file_800_plus|no_nearby_tests_large|planned_module_migration_scope
src/services/editing/spreadsheetModel/spreadsheetModel.patch.apply.ts,V2_TARGETED,p2,6,899,false,6,0,1,false,true,large_file_800_plus|no_nearby_tests_large|planned_module_migration_scope
src/services/editing/slides/slidesEditor.service.ts,V2_TARGETED,p2,6,876,false,3,0,0,false,true,large_file_800_plus|no_nearby_tests_large|planned_module_migration_scope
src/services/editing/intentRuntime/slotFill.ts,V2_TARGETED,p2,6,817,false,2,0,0,false,true,large_file_800_plus|no_nearby_tests_large|planned_module_migration_scope
src/services/extraction/pdfExtractor.service.ts,V2_TARGETED,p2,6,766,false,10,14,2,false,false,file_500_plus|no_nearby_tests_large|any_density|elevated_console_density
src/services/retrieval/pinecone.service.ts,V2_TARGETED,p2,6,733,false,22,0,1,false,false,file_500_plus|no_nearby_tests_large|elevated_any_density
src/services/extraction/google-vision-ocr.service.ts,V2_TARGETED,p2,6,645,false,17,5,4,false,false,file_500_plus|no_nearby_tests_large|elevated_any_density
src/services/preview/previewPdfGenerator.service.ts,V2_TARGETED,p2,6,631,false,5,30,4,false,false,file_500_plus|no_nearby_tests_large|high_console_density
src/services/retrieval/vectorEmbedding.service.ts,V2_TARGETED,p2,6,607,false,8,12,3,false,false,file_500_plus|no_nearby_tests_large|any_density|elevated_console_density
src/services/preview/pptxSlideImageGenerator.service.ts,V2_TARGETED,p2,6,358,false,8,14,5,false,false,no_nearby_tests_medium|elevated_any_density|high_console_density
src/services/retrieval/document_intelligence/ruleInterpreter.ts,V2_TARGETED,p2,5,1250,true,32,0,0,false,false,large_file_1000_plus|elevated_any_density
src/services/chat/turnRouter.service.ts,V2_TARGETED,p2,5,996,true,23,1,1,false,true,large_file_800_plus|elevated_any_density|planned_module_migration_scope
src/services/llm/providers/local/localClient.service.ts,V2_TARGETED,p2,5,979,false,0,0,1,false,false,large_file_800_plus|no_nearby_tests_large
src/services/editing/agents/sheetsEditAgent.service.ts,V2_TARGETED,p2,5,771,false,0,0,1,false,true,file_500_plus|no_nearby_tests_large|planned_module_migration_scope
src/services/editing/slides/slidesClient.service.ts,V2_TARGETED,p2,5,673,false,4,0,1,false,true,file_500_plus|no_nearby_tests_large|planned_module_migration_scope
src/services/editing/docx/docxAnchors.service.ts,V2_TARGETED,p2,5,671,false,0,0,0,false,true,file_500_plus|no_nearby_tests_large|planned_module_migration_scope
src/services/extraction/xlsxExtractor.service.ts,V2_TARGETED,p2,5,654,false,8,4,1,false,false,file_500_plus|no_nearby_tests_large|any_density
src/services/editing/spreadsheetModel/spreadsheetModel.semanticIndex.ts,V2_TARGETED,p2,5,587,false,0,0,0,false,true,file_500_plus|no_nearby_tests_large|planned_module_migration_scope
src/services/connectors/tokenVault.service.ts,V2_TARGETED,p2,5,552,false,1,0,10,false,false,file_500_plus|no_nearby_tests_large|many_catch_paths
src/services/editing/spreadsheetModel/spreadsheetModel.compiler.ts,V2_TARGETED,p2,5,313,false,17,0,0,false,true,no_nearby_tests_medium|high_any_density
src/services/preview/googleSlidesPreview.service.ts,V2_TARGETED,p2,5,132,false,3,7,2,false,false,no_nearby_tests|elevated_any_density|high_console_density
src/services/core/retrieval/retrievalEngine.service.ts,V2_TARGETED,p2,4,3641,true,10,0,1,false,false,very_large_file
src/services/core/enforcement/responseContractEnforcer.v2.service.ts,V2_TARGETED,p2,4,2770,true,8,0,0,false,false,very_large_file
src/services/core/enforcement/qualityGateRunner.service.ts,V2_TARGETED,p2,4,2122,true,3,0,1,false,false,very_large_file
src/services/chat/handlers/connectorTurn.handler.ts,V2_TARGETED,p2,4,1344,true,12,0,6,false,true,large_file_1000_plus|planned_module_migration_scope
src/services/core/banks/runtimeWiringIntegrity.service.ts,V2_TARGETED,p2,4,1060,true,2,0,0,false,true,large_file_1000_plus|planned_module_migration_scope
src/services/llm/providers/gemini/geminiClient.service.ts,V2_TARGETED,p2,4,727,false,1,0,1,false,false,file_500_plus|no_nearby_tests_large
src/services/connectors/gmail/gmailOAuth.service.ts,V2_TARGETED,p2,4,710,false,1,0,2,false,false,file_500_plus|no_nearby_tests_large
src/services/config/intentConfig.service.ts,V2_TARGETED,p2,4,686,false,5,0,0,false,false,file_500_plus|no_nearby_tests_large
src/services/core/retrieval/sourceButtons.service.ts,V2_TARGETED,p2,4,624,false,0,0,0,false,false,file_500_plus|no_nearby_tests_large
src/services/admin/overview.service.ts,V2_TARGETED,p2,4,566,false,0,1,1,false,false,file_500_plus|no_nearby_tests_large
src/services/llm/core/llmRouter.service.ts,V2_TARGETED,p2,4,518,false,3,0,0,false,false,file_500_plus|no_nearby_tests_large
src/services/ingestion/markdownConversion.service.ts,V2_TARGETED,p2,4,512,false,4,5,4,false,false,file_500_plus|no_nearby_tests_large
src/services/extraction/docxExtractor.service.ts,V2_TARGETED,p2,4,507,false,4,4,1,false,false,file_500_plus|no_nearby_tests_large
src/services/admin/users.service.ts,V2_TARGETED,p2,4,502,false,0,0,0,false,false,file_500_plus|no_nearby_tests_large
src/services/jobs/pubsubPublisher.service.ts,V2_TARGETED,p2,4,363,false,10,1,1,false,false,no_nearby_tests_medium|elevated_any_density
src/services/ingestion/pptxImageExtractor.service.ts,V2_TARGETED,p2,4,353,false,3,21,5,false,false,no_nearby_tests_medium|high_console_density
src/services/editing/allybi/operatorValidator.ts,V2_TARGETED,p2,4,327,false,12,0,0,false,true,no_nearby_tests_medium|elevated_any_density
src/services/editing/spreadsheetModel/spreadsheetModel.builder.ts,V2_TARGETED,p2,4,292,false,27,0,0,false,true,no_nearby_tests|high_any_density
src/services/conversion/cloudConvertPptx.service.ts,V2_TARGETED,p2,4,289,false,3,14,2,false,false,no_nearby_tests|any_density|high_console_density
src/services/editing/allybi/loadBanks.ts,V2_TARGETED,p2,4,132,false,57,0,0,false,true,no_nearby_tests|high_any_density
src/services/chat/turnContext.builder.ts,V2_TARGETED,p2,4,94,false,7,0,0,false,true,no_nearby_tests|high_any_density
src/services/security/crypto.types.ts,V2_TARGETED,p2,4,19,false,1,0,0,false,false,no_nearby_tests|high_any_density
src/services/llm/core/llmRequestBuilder.service.ts,KEEP,none,3,1140,true,4,0,0,false,false,large_file_1000_plus
src/services/core/handlers/connectorHandler.service.ts,KEEP,none,3,1073,true,0,3,5,false,false,large_file_1000_plus
src/services/llm/core/llmGateway.service.ts,KEEP,none,3,1066,true,0,0,0,false,false,large_file_1000_plus
src/services/core/retrieval/prismaRetrievalAdapters.service.ts,KEEP,none,3,1059,true,0,0,0,false,false,large_file_1000_plus
src/services/core/scope/scopeGate.service.ts,KEEP,none,3,1007,true,1,0,0,false,false,large_file_1000_plus
src/services/chat/turnRoutePolicy.service.ts,KEEP,none,3,582,true,8,0,0,false,true,file_500_plus|any_density|planned_module_migration_scope
src/services/core/inputs/languageDetector.service.ts,KEEP,none,3,549,true,24,0,0,false,false,file_500_plus|elevated_any_density
src/services/extraction/pptxExtractor.service.ts,KEEP,none,3,487,false,9,7,2,false,false,no_nearby_tests_medium|any_density
src/services/ingestion/fileValidator.service.ts,KEEP,none,3,457,false,6,5,5,false,false,no_nearby_tests_medium|any_density
src/services/retrieval/embedding.service.ts,KEEP,none,3,457,false,5,0,2,false,false,no_nearby_tests_medium|any_density
src/services/editing/allybi/scopeResolver.ts,KEEP,none,3,431,false,6,0,0,false,true,no_nearby_tests_medium|any_density
src/services/editing/allybi/intentClassifier.ts,KEEP,none,3,420,false,7,0,0,false,true,no_nearby_tests_medium|any_density
src/services/editing/allybi/supportContract.service.ts,KEEP,none,3,373,false,5,0,0,false,true,no_nearby_tests_medium|any_density
src/services/editing/editSuggestions.service.ts,KEEP,none,3,373,false,4,0,0,false,true,no_nearby_tests_medium|any_density
src/services/editing/editReceipt.service.ts,KEEP,none,3,278,false,6,0,0,false,true,no_nearby_tests|elevated_any_density
src/services/sms.service.ts,KEEP,none,3,261,false,1,11,1,false,false,no_nearby_tests|high_console_density
src/services/email.service.ts,KEEP,none,3,247,false,0,11,1,false,false,no_nearby_tests|high_console_density
src/services/editing/capabilities/capabilityMatrix.service.ts,KEEP,none,3,215,false,9,0,0,false,true,no_nearby_tests|elevated_any_density
src/services/telemetry/telemetry.service.ts,KEEP,none,3,213,false,7,2,3,false,false,no_nearby_tests|elevated_any_density
src/services/editing/allybi/fontIntentResolver.ts,KEEP,none,3,197,false,4,0,0,false,true,no_nearby_tests|elevated_any_density
src/services/creative/googleImagenProvider.ts,KEEP,none,3,153,false,0,5,1,false,false,no_nearby_tests|high_console_density
src/services/editing/agents/docxEditAgent.service.ts,KEEP,none,3,141,false,4,0,1,false,true,no_nearby_tests|elevated_any_density
src/services/extraction/ocrSignals.service.ts,KEEP,none,3,136,true,15,0,0,false,false,high_any_density
src/services/editing/banks/bankIntegrity.service.ts,KEEP,none,3,105,false,4,0,0,false,true,no_nearby_tests|elevated_any_density
src/services/editing/docx/docxValidator.service.ts,KEEP,none,3,99,false,3,0,3,false,true,no_nearby_tests|elevated_any_density
src/services/editing/banks/bankService.ts,KEEP,none,3,96,false,2,0,0,false,true,no_nearby_tests|elevated_any_density
src/services/chat/chatLanguage.service.ts,KEEP,none,3,88,false,2,0,0,false,true,no_nearby_tests|elevated_any_density
src/services/connectors/connectorIdentityMap.service.ts,KEEP,none,3,68,false,2,0,0,false,false,no_nearby_tests|elevated_any_density
src/services/realtime/socketGateway.service.ts,KEEP,none,3,65,false,2,0,2,false,false,no_nearby_tests|elevated_any_density
src/services/security/redact.service.ts,KEEP,none,3,57,true,4,0,0,false,false,high_any_density
src/services/core/policy/dataRetentionDeletionPolicy.service.ts,KEEP,none,3,49,false,1,0,0,false,false,no_nearby_tests|elevated_any_density
src/services/core/policy/modelReleasePolicy.service.ts,KEEP,none,3,49,false,1,0,0,false,false,no_nearby_tests|elevated_any_density
src/services/core/policy/policyExceptionsPolicy.service.ts,KEEP,none,3,46,false,1,0,0,false,false,no_nearby_tests|elevated_any_density
src/services/chat/handlers/editorTurn.handler.ts,KEEP,none,3,43,false,1,0,0,false,true,no_nearby_tests|elevated_any_density
src/services/editing/editingPolicy.service.ts,KEEP,none,3,43,false,2,0,0,false,true,no_nearby_tests|elevated_any_density
src/services/chat/responseEnvelope.ts,KEEP,none,3,41,false,2,0,0,false,true,no_nearby_tests|elevated_any_density
src/services/llm/prompts/promptRegistry.service.ts,KEEP,none,2,918,true,4,0,0,false,false,large_file_800_plus
src/services/chat/chatMicrocopy.service.ts,KEEP,none,2,780,true,0,0,0,false,true,file_500_plus|planned_module_migration_scope
src/services/editing/textGeneration.service.ts,KEEP,none,2,771,true,6,0,2,false,true,file_500_plus|planned_module_migration_scope
src/services/editing/intentRuntime/matcher.ts,KEEP,none,2,699,true,0,0,0,false,true,file_500_plus|planned_module_migration_scope
src/services/extraction/piiExtractor.service.ts,KEEP,none,2,581,true,8,0,5,false,false,file_500_plus|any_density
src/services/connectors/slack/slackOAuth.service.ts,KEEP,none,2,484,false,0,0,3,false,false,no_nearby_tests_medium
src/services/editing/docx/docxMarkdownBridge.service.ts,KEEP,none,2,477,false,1,0,0,false,true,no_nearby_tests_medium
src/services/connectors/outlook/graphClient.service.ts,KEEP,none,2,475,false,0,0,2,false,false,no_nearby_tests_medium
src/services/admin/marketing.service.ts,KEEP,none,2,473,false,0,0,0,false,false,no_nearby_tests_medium
src/services/prismaFolder.service.ts,KEEP,none,2,471,false,3,0,0,false,false,no_nearby_tests_medium
src/services/admin/googleMetrics.service.ts,KEEP,none,2,461,false,0,0,1,false,false,no_nearby_tests_medium
src/services/connectors/gmail/gmailClient.service.ts,KEEP,none,2,442,false,1,0,1,false,false,no_nearby_tests_medium
src/services/editing/intentRuntime/planAssembler.ts,KEEP,none,2,441,false,0,0,0,false,true,no_nearby_tests_medium
src/services/connectors/outlook/outlookOAuth.service.ts,KEEP,none,2,433,false,0,0,5,false,false,no_nearby_tests_medium
src/services/ingestion/titleGeneration.service.ts,KEEP,none,2,425,false,3,5,4,false,false,no_nearby_tests_medium
src/services/llm/types/llm.types.ts,KEEP,none,2,419,false,1,0,0,false,false,no_nearby_tests_medium
src/services/core/enforcement/tokenBudget.service.ts,KEEP,none,2,416,false,0,0,0,false,false,no_nearby_tests_medium
src/services/admin/answerQuality.service.ts,KEEP,none,2,415,false,0,0,0,false,false,no_nearby_tests_medium
src/services/admin/queries.service.ts,KEEP,none,2,413,false,0,0,0,false,false,no_nearby_tests_medium
src/services/editing/editing.types.ts,KEEP,none,2,411,false,0,0,0,false,true,no_nearby_tests_medium
src/services/core/banks/bankLoader.service.ts,KEEP,none,2,407,false,0,3,2,false,true,no_nearby_tests_medium
src/services/connectors/gmail/gmailSync.service.ts,KEEP,none,2,404,false,2,0,3,false,false,no_nearby_tests_medium
src/services/editing/intentRuntime/coverage.ts,KEEP,none,2,404,false,0,0,1,false,true,no_nearby_tests_medium
src/services/core/compose/extractionCompiler.service.ts,KEEP,none,2,395,false,1,0,0,false,false,no_nearby_tests_medium
src/services/llm/providers/openai/openaiClient.service.ts,KEEP,none,2,374,false,0,0,0,false,false,no_nearby_tests_medium
src/services/prismaDocument.service.ts,KEEP,none,2,368,false,3,1,1,false,false,no_nearby_tests_medium
src/services/connectors/slack/slackSync.service.ts,KEEP,none,2,356,false,0,0,1,false,false,no_nearby_tests_medium
src/services/documents/revision.service.ts,KEEP,none,2,344,false,0,0,0,false,false,no_nearby_tests_medium
src/services/ingestion/excelHtmlPreview.service.ts,KEEP,none,2,338,false,2,4,1,false,false,no_nearby_tests_medium
src/services/editing/intentRuntime/types.ts,KEEP,none,2,337,false,3,0,0,false,true,no_nearby_tests_medium
src/services/twoFactor.service.ts,KEEP,none,2,331,false,1,0,0,false,false,no_nearby_tests_medium
src/services/admin/llmCost.service.ts,KEEP,none,2,323,false,0,0,0,false,false,no_nearby_tests_medium
src/services/retrieval/gcsStorage.service.ts,KEEP,none,2,320,false,0,2,8,false,false,no_nearby_tests_medium
src/services/editing/slides/slidesValidators.service.ts,KEEP,none,2,319,false,0,0,0,false,true,no_nearby_tests_medium
src/services/llm/types/llmStreaming.types.ts,KEEP,none,2,318,false,0,0,0,false,false,no_nearby_tests_medium
src/services/connectors/outlook/outlookSync.service.ts,KEEP,none,2,313,false,0,1,3,false,false,no_nearby_tests_medium
src/services/llm/types/llmTools.types.ts,KEEP,none,2,307,false,2,0,0,false,false,no_nearby_tests_medium
src/services/core/certification/orchestratorCertification.service.ts,KEEP,none,2,306,false,3,0,0,false,false,no_nearby_tests_medium
src/services/admin/reliability.service.ts,KEEP,none,2,300,false,0,0,0,false,false,no_nearby_tests_medium
src/services/core/policy/policyRuntimeEngine.service.ts,KEEP,none,2,237,true,6,0,0,false,false,elevated_any_density
src/services/editing/sheets/sheetsBridge.service.ts,KEEP,none,2,230,false,3,0,2,false,true,no_nearby_tests|any_density
src/services/prismaHistory.service.ts,KEEP,none,2,197,false,2,0,0,false,false,no_nearby_tests|any_density
src/services/admin/_shared/prismaAdapter.ts,KEEP,none,2,187,false,0,5,5,false,false,no_nearby_tests|elevated_console_density
src/services/config/answerModeRouter.service.ts,KEEP,none,2,158,true,4,0,0,false,false,elevated_any_density
src/services/editing/policy/EditingPolicyService.ts,KEEP,none,2,157,true,7,0,0,false,true,elevated_any_density
src/services/editing/allybi/capabilities.service.ts,KEEP,none,2,140,false,2,0,0,false,true,no_nearby_tests|any_density
src/services/connectors/oauthStateNonceStore.service.ts,KEEP,none,2,105,true,3,0,1,false,false,elevated_any_density
src/services/security/tenantKey.service.ts,KEEP,none,2,99,true,4,0,0,false,false,elevated_any_density
src/services/admin/_shared/clamp.ts,KEEP,none,2,81,false,1,0,0,false,false,no_nearby_tests|any_density
src/services/core/policy/incidentResponsePolicy.service.ts,KEEP,none,2,71,false,1,0,0,false,false,no_nearby_tests|any_density
src/services/core/policy/accessControlPolicy.service.ts,KEEP,none,2,53,false,1,0,0,false,false,no_nearby_tests|any_density
src/services/core/policy/secretsRotationPolicy.service.ts,KEEP,none,2,52,false,1,0,0,false,false,no_nearby_tests|any_density
src/services/telemetry/traceWriter.service.ts,KEEP,none,1,665,true,3,0,3,false,false,file_500_plus
src/services/core/handlers/editHandler.service.ts,KEEP,none,1,574,true,0,0,0,false,false,file_500_plus
src/services/core/retrieval/evidenceGate.service.ts,KEEP,none,1,557,true,0,0,0,false,false,file_500_plus
src/services/core/policy/fallbackDecisionPolicy.service.ts,KEEP,none,1,508,true,4,0,0,false,false,file_500_plus
src/services/chat/productHelp.service.ts,KEEP,none,1,468,true,6,0,0,false,true,any_density
src/services/core/certification/orchestratorCertificationPolicy.ts,KEEP,none,1,296,false,1,0,0,false,false,no_nearby_tests
src/services/telemetry/telemetry.redaction.ts,KEEP,none,1,294,false,0,0,0,false,false,no_nearby_tests
src/services/connectors/connectorsIngestion.service.ts,KEEP,none,1,284,false,0,1,1,false,false,no_nearby_tests
src/services/core/banks/bankSelectionPlanner.service.ts,KEEP,none,1,282,false,0,0,0,false,true,no_nearby_tests
src/services/admin/files.service.ts,KEEP,none,1,272,false,0,0,0,false,false,no_nearby_tests
src/services/telemetry/telemetry.capture.ts,KEEP,none,1,272,false,0,0,0,false,false,no_nearby_tests
src/services/telemetry/telemetry.types.ts,KEEP,none,1,271,false,0,0,0,false,false,no_nearby_tests
src/services/documents/export.service.ts,KEEP,none,1,259,false,0,0,0,false,false,no_nearby_tests
src/services/connectors/slack/slackClient.service.ts,KEEP,none,1,254,false,0,0,1,false,false,no_nearby_tests
src/services/editing/editOperatorAliases.service.ts,KEEP,none,1,249,false,0,0,0,false,true,no_nearby_tests
src/services/documents/encryptedDocumentRepo.service.ts,KEEP,none,1,246,false,0,0,0,false,false,no_nearby_tests
src/services/llm/core/llmClient.interface.ts,KEEP,none,1,238,false,1,0,0,false,false,no_nearby_tests
src/services/admin/security.service.ts,KEEP,none,1,231,false,0,0,0,false,false,no_nearby_tests
src/services/editing/spreadsheetModel/spreadsheetModel.types.ts,KEEP,none,1,227,false,0,0,0,false,true,no_nearby_tests
src/services/llm/providers/gemini/geminiConfig.ts,KEEP,none,1,223,false,0,0,0,false,false,no_nearby_tests
src/services/admin/live.service.ts,KEEP,none,1,222,false,0,1,1,false,false,no_nearby_tests
src/services/llm/providers/local/localConfig.ts,KEEP,none,1,219,false,0,0,0,false,false,no_nearby_tests
src/services/editing/editPlan.service.ts,KEEP,none,1,218,false,0,0,0,false,true,no_nearby_tests
src/services/editing/targetResolver.service.ts,KEEP,none,1,204,false,0,0,0,false,true,no_nearby_tests
src/services/editing/spreadsheetModel/spreadsheetModel.diff.ts,KEEP,none,1,197,false,0,0,0,false,true,no_nearby_tests
src/services/core/banks/bankLoadPlanner.service.ts,KEEP,none,1,195,false,0,0,0,false,true,no_nearby_tests
src/services/pendingUser.service.ts,KEEP,none,1,194,false,1,0,0,false,false,no_nearby_tests
src/services/telemetry/telemetry.constants.ts,KEEP,none,1,191,false,0,0,0,false,false,no_nearby_tests
src/services/connectors/connectorsRegistry.ts,KEEP,none,1,189,false,0,0,0,false,false,no_nearby_tests
src/services/memory/memoryPolicyEngine.service.ts,KEEP,none,1,189,false,0,0,0,false,false,no_nearby_tests
src/services/editing/allybi/multiIntentPlanner.ts,KEEP,none,1,188,false,0,0,0,false,true,no_nearby_tests
src/services/admin/index.ts,KEEP,none,1,187,false,0,0,0,false,false,no_nearby_tests
src/services/core/retrieval/docScopeLock.ts,KEEP,none,1,183,false,0,0,0,false,false,no_nearby_tests
src/services/llm/types/llmErrors.types.ts,KEEP,none,1,181,false,0,0,0,false,false,no_nearby_tests
src/services/editing/contracts/operatorContracts.ts,KEEP,none,1,176,false,0,0,0,false,true,no_nearby_tests
src/services/llm/core/telemetryLlmClient.decorator.ts,KEEP,none,1,176,false,1,0,2,false,false,no_nearby_tests
src/services/editing/spreadsheetModel/spreadsheetModel.patch.types.ts,KEEP,none,1,168,false,0,0,0,false,true,no_nearby_tests
src/services/editing/contracts/editContracts.ts,KEEP,none,1,165,false,0,0,0,false,true,no_nearby_tests
src/services/prismaChat.service.ts,KEEP,none,1,165,false,0,0,0,false,false,no_nearby_tests
src/services/editing/intentRuntime/loaders.ts,KEEP,none,1,162,false,1,0,0,false,true,no_nearby_tests
src/services/editing/editTelemetry.service.ts,KEEP,none,1,161,false,0,0,0,false,true,no_nearby_tests
src/services/connectors/emailSendConfirmation.service.ts,KEEP,none,1,154,false,1,0,0,false,false,no_nearby_tests
src/services/llm/core/llmClientFactory.ts,KEEP,none,1,148,false,1,0,0,false,false,no_nearby_tests
src/services/editing/spreadsheetModel/spreadsheetModel.charts.ts,KEEP,none,1,147,false,0,0,0,false,true,no_nearby_tests
src/services/editing/spreadsheetModel/spreadsheetModel.range.ts,KEEP,none,1,146,false,0,0,0,false,true,no_nearby_tests
src/services/creative/assetSpec.types.ts,KEEP,none,1,135,false,0,0,0,false,false,no_nearby_tests
src/services/preview/previewOrchestrator.service.ts,KEEP,none,1,134,false,1,0,1,false,false,no_nearby_tests
src/services/core/retrieval/slotResolver.service.ts,KEEP,none,1,133,false,0,0,0,false,false,no_nearby_tests
src/services/editing/intentRuntime/index.ts,KEEP,none,1,131,false,0,0,0,false,true,no_nearby_tests
src/services/editing/diffBuilder.service.ts,KEEP,none,1,128,false,0,0,0,false,true,no_nearby_tests
src/services/core/banks/docTypeInheritanceResolver.service.ts,KEEP,none,1,120,false,0,0,0,false,true,no_nearby_tests
src/services/admin/_shared/percentiles.ts,KEEP,none,1,117,false,0,0,0,false,false,no_nearby_tests
src/services/admin/_shared/pagination.ts,KEEP,none,1,112,false,0,0,0,false,false,no_nearby_tests
src/services/creative/deck/deckPlan.types.ts,KEEP,none,1,109,false,0,0,0,false,false,no_nearby_tests
src/services/health/healthReadiness.service.ts,KEEP,none,1,104,false,0,0,6,false,false,no_nearby_tests
src/services/llm/providers/openai/openaiModels.ts,KEEP,none,1,102,false,0,0,0,false,false,no_nearby_tests
src/services/creative/nanoBanana.client.service.ts,KEEP,none,1,97,false,0,0,0,false,false,no_nearby_tests
src/services/admin/_shared/rangeWindow.ts,KEEP,none,1,96,false,0,0,0,false,false,no_nearby_tests
src/services/editing/spreadsheetModel/spreadsheetModel.style.ts,KEEP,none,1,93,false,0,0,0,false,true,no_nearby_tests
src/services/llm/providers/openai/openaiConfig.ts,KEEP,none,1,93,false,0,0,0,false,false,no_nearby_tests
src/services/spreadsheetEngine/spreadsheetEngine.types.ts,KEEP,none,1,91,false,0,0,0,false,false,no_nearby_tests
src/services/preview/previewProviderRouter.ts,KEEP,none,1,90,false,0,0,0,false,false,no_nearby_tests
src/services/core/banks/bankRollout.service.ts,KEEP,none,1,88,false,0,0,0,false,true,no_nearby_tests
src/services/memory/memoryRedaction.service.ts,KEEP,none,1,87,false,0,0,0,false,false,no_nearby_tests
src/services/core/policy/reasoningPolicy.service.ts,KEEP,none,1,85,true,1,0,0,false,false,any_density
src/services/core/banks/domainPackLoader.service.ts,KEEP,none,1,81,false,0,0,0,false,true,no_nearby_tests
src/services/editing/intentRuntime/worklog.ts,KEEP,none,1,81,false,0,0,0,false,true,no_nearby_tests
src/services/retrieval/chunkCrypto.service.ts,KEEP,none,1,73,false,0,0,0,false,false,no_nearby_tests
src/services/core/policy/viewerLockedChatPolicy.service.ts,KEEP,none,1,70,true,1,0,0,false,false,any_density
src/services/editing/rationaleBuilder.service.ts,KEEP,none,1,70,false,0,0,0,false,true,no_nearby_tests
src/services/editing/editing.constants.ts,KEEP,none,1,69,false,0,0,0,false,true,no_nearby_tests
src/services/editing/index.ts,KEEP,none,1,67,false,0,0,0,false,true,no_nearby_tests
src/services/llm/providers/local/localModels.ts,KEEP,none,1,66,false,0,0,0,false,false,no_nearby_tests
src/services/core/cache/bankRuntimeCache.service.ts,KEEP,none,1,64,false,0,0,0,false,false,no_nearby_tests
src/services/editing/spreadsheetModel/spreadsheetModel.patch.validate.ts,KEEP,none,1,64,false,0,0,1,false,true,no_nearby_tests
src/services/security/twoFactorCrypto.service.ts,KEEP,none,1,64,false,0,0,0,false,false,no_nearby_tests
src/services/folders/folderKey.service.ts,KEEP,none,1,60,false,0,0,0,false,false,no_nearby_tests
src/services/editing/slo/editingSloEvaluator.service.ts,KEEP,none,1,59,false,0,0,0,false,true,no_nearby_tests
src/services/documents/documentKey.service.ts,KEEP,none,1,57,false,0,0,0,false,false,no_nearby_tests
src/services/editing/spreadsheetModel/spreadsheetModel.valueCoercion.ts,KEEP,none,1,55,false,0,0,0,false,true,no_nearby_tests
src/services/core/certification/orchestratorCertification.types.ts,KEEP,none,1,52,false,0,0,0,false,false,no_nearby_tests
src/services/core/banks/bankTierPolicy.service.ts,KEEP,none,1,45,false,0,0,0,false,true,no_nearby_tests
src/services/editing/apply/applyVerification.service.ts,KEEP,none,1,44,false,0,0,0,false,true,no_nearby_tests
src/services/editing/entrypoints/editingFacade.service.ts,KEEP,none,1,44,false,0,0,0,false,true,no_nearby_tests
src/services/editing/docxSpanPayloadGuard.ts,KEEP,none,1,40,false,0,0,0,false,true,no_nearby_tests
src/services/core/policy/policyBankResolver.service.ts,KEEP,none,1,37,false,0,0,0,false,false,no_nearby_tests
src/services/editing/allybi/operatorExecutor.ts,KEEP,none,1,35,false,0,0,0,false,true,no_nearby_tests
src/services/documents/documentCompare.service.ts,KEEP,none,1,31,false,0,0,0,false,false,no_nearby_tests
src/services/documents/documentOutline.service.ts,KEEP,none,1,30,false,0,0,0,false,false,no_nearby_tests
src/services/editing/allybi/diffBuilder.ts,KEEP,none,1,28,false,0,0,0,false,true,no_nearby_tests
src/services/chat/handlers/generalTurn.handler.ts,KEEP,none,1,26,false,0,0,0,false,true,no_nearby_tests
src/services/chat/handlers/knowledgeTurn.handler.ts,KEEP,none,1,26,false,0,0,0,false,true,no_nearby_tests
src/services/creative/nanoBananaFactory.ts,KEEP,none,1,26,false,0,0,0,false,false,no_nearby_tests
src/services/editing/agents/types.ts,KEEP,none,1,26,false,0,0,0,false,true,no_nearby_tests
src/services/editing/agents/defaultEditAgent.service.ts,KEEP,none,1,24,false,0,0,0,false,true,no_nearby_tests
src/services/editing/spreadsheetModel/spreadsheetModel.validation.ts,KEEP,none,1,23,false,0,0,0,false,true,no_nearby_tests
src/services/editing/spreadsheetModel/spreadsheetModel.conditionalFormat.ts,KEEP,none,1,21,false,0,0,0,false,true,no_nearby_tests
src/services/editing/allybi/index.ts,KEEP,none,1,18,false,0,0,0,false,true,no_nearby_tests
src/services/editing/spreadsheetModel/index.ts,KEEP,none,1,18,false,0,0,0,false,true,no_nearby_tests
src/services/chat/handlers/types.ts,KEEP,none,1,15,false,0,0,0,false,true,no_nearby_tests
src/services/editing/contracts/index.ts,KEEP,none,1,15,false,0,0,0,false,true,no_nearby_tests
src/services/editing/spreadsheetModel/spreadsheetModel.table.ts,KEEP,none,1,11,false,0,0,0,false,true,no_nearby_tests
src/services/telemetry/index.ts,KEEP,none,1,11,false,0,0,0,false,false,no_nearby_tests
src/services/editing/agents/index.ts,KEEP,none,1,10,false,0,0,0,false,true,no_nearby_tests
src/services/editing/spreadsheetModel/spreadsheetModel.sortFilter.ts,KEEP,none,1,10,false,0,0,0,false,true,no_nearby_tests
src/services/extraction/index.ts,KEEP,none,1,8,false,0,0,0,false,false,no_nearby_tests
src/services/ingestion/index.ts,KEEP,none,1,6,false,0,0,0,false,false,no_nearby_tests
src/services/llm/core/llmErrors.types.ts,KEEP,none,1,3,false,0,0,0,false,false,no_nearby_tests
src/services/llm/core/llmStreaming.types.ts,KEEP,none,1,3,false,0,0,0,false,false,no_nearby_tests
src/services/llm/core/llmTools.types.ts,KEEP,none,1,3,false,0,0,0,false,false,no_nearby_tests
src/services/llm/providers/gemini/llmClient.interface.ts,KEEP,none,1,3,false,0,0,0,false,false,no_nearby_tests
src/services/llm/providers/gemini/llmErrors.types.ts,KEEP,none,1,3,false,0,0,0,false,false,no_nearby_tests
src/services/llm/providers/gemini/llmStreaming.types.ts,KEEP,none,1,3,false,0,0,0,false,false,no_nearby_tests
src/services/llm/providers/gemini/llmTools.types.ts,KEEP,none,1,3,false,0,0,0,false,false,no_nearby_tests
src/services/chat/chat.types.ts,KEEP,none,1,2,false,0,0,0,false,true,no_nearby_tests
src/services/chatRuntime.contracts.ts,KEEP,none,1,2,false,0,0,0,false,false,no_nearby_tests
src/services/config/fallbackConfig.service.ts,KEEP,none,0,416,true,4,0,1,false,false,
src/services/core/scope/documentReferenceResolver.service.ts,KEEP,none,0,388,true,0,0,0,false,false,
src/services/core/policy/clarificationPolicy.service.ts,KEEP,none,0,317,true,0,0,0,false,false,
src/services/spreadsheetEngine/spreadsheetEngine.client.ts,KEEP,none,0,277,true,2,0,3,false,false,
src/services/memory/conversationMemory.service.ts,KEEP,none,0,273,true,2,2,2,false,false,
src/services/editing/intentRuntime/segmenter.ts,KEEP,none,0,262,true,0,0,0,false,true,
src/services/core/retrieval/retrievalPlanParser.service.ts,KEEP,none,0,234,true,0,0,0,false,false,
src/services/core/banks/documentIntelligenceIntegrity.service.ts,KEEP,none,0,212,true,0,0,0,false,true,
src/services/editing/safety/editingSafetyGate.service.ts,KEEP,none,0,206,true,0,0,0,false,true,
src/services/connectors/slack/slackEvents.controller.ts,KEEP,none,0,205,true,0,0,2,false,false,
src/services/documents/documentCrypto.service.ts,KEEP,none,0,195,true,0,0,0,false,false,
src/services/documents/documentContentVault.service.ts,KEEP,none,0,188,true,0,0,0,false,false,
src/services/ingestion/chunking.service.ts,KEEP,none,0,187,true,0,0,0,false,false,
src/services/chat/encryptedChatRepo.service.ts,KEEP,none,0,186,true,0,0,0,false,true,
src/services/security/keyManager.service.ts,KEEP,none,0,175,true,1,0,0,false,false,
src/services/spreadsheetEngine/spreadsheetEngine.service.ts,KEEP,none,0,152,true,0,0,0,false,false,
src/services/core/policy/refusalPolicy.service.ts,KEEP,none,0,151,true,0,0,0,false,false,
src/services/llm/core/llmChatEngine.ts,KEEP,none,0,149,true,0,0,0,false,false,
src/services/editing/entrypoints/editingAgentRouter.service.ts,KEEP,none,0,138,true,0,0,0,false,true,
src/services/chat/chatKernel.service.ts,KEEP,none,0,130,true,1,0,1,false,true,
src/services/core/policy/loggingPolicy.service.ts,KEEP,none,0,119,true,1,0,0,false,false,
src/services/core/policy/governanceRuntimePolicy.service.ts,KEEP,none,0,116,true,0,0,0,false,false,
src/services/chat/conversationKey.service.ts,KEEP,none,0,92,true,0,0,0,false,true,
src/services/security/encryption.service.ts,KEEP,none,0,85,true,0,0,0,false,false,
src/services/folders/folderCrypto.service.ts,KEEP,none,0,81,true,0,0,0,false,false,
src/services/chat/chatCrypto.service.ts,KEEP,none,0,72,true,0,0,0,false,true,
src/services/core/policy/compliancePolicy.service.ts,KEEP,none,0,62,true,0,0,0,false,false,
src/services/chat/guardrails/editorMode.guard.ts,KEEP,none,0,51,true,0,0,0,false,true,
src/services/chat/encryptedChatContext.service.ts,KEEP,none,0,27,true,0,0,0,false,true,
src/services/security/envelope.service.ts,KEEP,none,0,23,true,0,0,0,false,false,
src/services/security/hkdf.service.ts,KEEP,none,0,19,true,0,0,0,false,false,
src/services/core/enforcement/responseContractEnforcer.service.ts,KEEP,none,0,2,true,0,0,0,false,false,
src/services/core/policy/policyValidator.service.ts,DELETE,none,0,389,true,2,0,0,true,false,runtime_unreachable
src/services/core/banks/bankSchemas.ts,DELETE,none,0,128,false,0,0,0,true,true,runtime_unreachable
src/services/core/policy/policyContracts.ts,DELETE,none,0,83,false,0,0,0,true,false,runtime_unreachable
src/services/core/policy/policyCertificationRunner.service.ts,DELETE,none,0,68,true,0,0,0,true,false,runtime_unreachable
src/services/security/plaintextPolicy.ts,DELETE,none,0,11,true,0,0,0,true,false,runtime_unreachable
